contaminante,ventana_dias,clase,n_tiles,n_con_dagma,dagma_media,dagma_mediana,dagma_p75,distancia_mediana_km,distancia_p75_km,cobertura_dagma
NO2,0,contaminacion_alta_NO2,1000,50,15.083808020050126,14.880952380952381,14.880952380952381,13.660113966259123,18.312166184952268,0.05
NO2,0,contaminacion_alta_SO2,1000,141,14.044934981343157,14.880952380952381,14.880952380952381,18.371078585794816,25.15059727718603,0.141
NO2,0,ozono_anomalo,1000,2,20.545454545454547,20.545454545454547,20.545454545454547,18.650735249911143,25.2114938668763,0.002
NO2,0,suelo_urbano,1000,112,10.406046090500977,11.58,14.880952380952381,14.444589601565841,17.60895221638303,0.112
NO2,0,vegetacion_densa,1000,107,10.11335557621588,11.58,14.880952380952381,19.027765144660588,26.7218261716279,0.107
NO2,1,contaminacion_alta_NO2,1000,81,11.497347957165209,10.472916666666668,15.681690009337068,13.660113966259123,18.312166184952268,0.081
NO2,1,contaminacion_alta_SO2,1000,143,14.417838688121414,15.681690009337068,15.681690009337068,18.371078585794816,25.15059727718603,0.143
NO2,1,ozono_anomalo,1000,8,17.355929010602924,20.71935802120585,22.205000000000002,18.650735249911143,25.2114938668763,0.008
NO2,1,suelo_urbano,1000,128,9.976418051920211,8.404265350877195,15.681690009337068,14.444589601565841,17.60895221638303,0.128
NO2,1,vegetacion_densa,1000,114,10.285468160727348,6.33561403508772,15.681690009337068,19.027765144660588,26.7218261716279,0.114
NO2,3,contaminacion_alta_NO2,1000,81,12.188485347689424,9.543809023609443,15.864490523482118,13.660113966259123,18.312166184952268,0.081
NO2,3,contaminacion_alta_SO2,1000,143,14.910698613613118,15.864490523482118,15.864490523482118,18.371078585794816,25.15059727718603,0.143
NO2,3,ozono_anomalo,1000,8,18.547248600691923,21.43788660787108,24.33072118702553,18.650735249911143,25.2114938668763,0.008
NO2,3,suelo_urbano,1000,128,10.468262266765777,8.263154511804721,15.864490523482118,14.444589601565841,17.60895221638303,0.128
NO2,3,vegetacion_densa,1000,114,10.85752552562812,6.982500000000001,15.864490523482118,19.027765144660588,26.7218261716279,0.114
O3,0,contaminacion_alta_NO2,1000,158,19.43916753322176,17.629166666666666,25.23888888888889,3.1170292493830805,5.007752500005684,0.158
O3,0,contaminacion_alta_SO2,1000,231,19.095614688674427,16.079444444444444,27.026096491228067,7.609596326239499,12.719588624783459,0.231
O3,0,ozono_anomalo,1000,258,21.150298879023048,17.629166666666666,32.778,8.365096868124983,13.263358560871062,0.258
O3,0,suelo_urbano,1000,120,16.277495842700308,13.201249999999998,19.948571428571427,0.8773784181900273,1.2416567483141223,0.12
O3,0,vegetacion_densa,1000,167,22.976668432154018,20.345833333333335,30.89315476190476,10.320017907969785,14.681122860997155,0.167
O3,1,contaminacion_alta_NO2,1000,160,18.89650906367232,16.280555555555555,20.325238095238095,3.1170292493830805,5.007752500005684,0.16
O3,1,contaminacion_alta_SO2,1000,233,19.643231164268123,16.280555555555555,25.12222222222222,7.609596326239499,12.719588624783459,0.233
O3,1,ozono_anomalo,1000,272,19.79252676962299,15.508273420479302,31.259259259259256,8.365096868124983,13.263358560871062,0.272
O3,1,suelo_urbano,1000,122,16.128128461837903,13.757638888888886,19.298395570728292,0.8773784181900273,1.2416567483141223,0.122
O3,1,vegetacion_densa,1000,174,21.97692373416192,19.158333333333335,29.71666666666667,10.320017907969785,14.681122860997155,0.174
O3,3,contaminacion_alta_NO2,1000,161,18.452928685343988,16.330555555555552,19.89559478278491,3.1170292493830805,5.007752500005684,0.161
O3,3,contaminacion_alta_SO2,1000,244,19.033869001836997,15.830681829253441,23.61740380737275,7.609596326239499,12.719588624783459,0.244
O3,3,ozono_anomalo,1000,272,19.125715751212724,14.670843620103543,31.57491962454838,8.365096868124983,13.263358560871062,0.272
O3,3,suelo_urbano,1000,135,15.116283884182893,12.486195286195285,18.775351256930207,0.8773784181900273,1.2416567483141223,0.135
O3,3,vegetacion_densa,1000,178,20.940904582549003,17.67172955122171,28.601604554865425,10.320017907969785,14.681122860997155,0.178
SO2,0,contaminacion_alta_NO2,1000,84,13.922574023941918,10.587909090909092,23.010454545454547,3.151753565033805,5.048779356406904,0.084
SO2,0,contaminacion_alta_SO2,1000,141,11.184361102443713,6.043809523809524,20.75,9.260704062616645,14.0227382504715,0.141
SO2,0,ozono_anomalo,1000,151,15.593077923024998,9.894,25.409583333333334,9.717062410230195,14.669720710295543,0.151
SO2,0,suelo_urbano,1000,68,9.376688864528179,6.043809523809524,11.297077922077923,0.8817680752854333,1.1406200935724764,0.068
SO2,0,vegetacion_densa,1000,96,13.424879821095653,11.312337662337661,22.744204545454547,11.685262479633849,15.823458549380096,0.096
SO2,1,contaminacion_alta_NO2,1000,86,14.712030961297012,12.05625,24.90149621212121,3.151753565033805,5.048779356406904,0.086
SO2,1,contaminacion_alta_SO2,1000,146,11.924468177620746,7.657061617883868,21.110817882775123,9.260704062616645,14.0227382504715,0.146
SO2,1,ozono_anomalo,1000,169,15.020595214658167,8.798571428571428,26.09777777777778,9.717062410230195,14.669720710295543,0.169
SO2,1,suelo_urbano,1000,72,9.784691218186108,6.316805555555557,12.47272727272727,0.8817680752854333,1.1406200935724764,0.072
SO2,1,vegetacion_densa,1000,121,15.89180223691529,12.47272727272727,26.23095238095238,11.685262479633849,15.823458549380096,0.121
SO2,3,contaminacion_alta_NO2,1000,86,13.697714957856242,10.508418972332015,23.196998106060605,3.151753565033805,5.048779356406904,0.086
SO2,3,contaminacion_alta_SO2,1000,146,11.444758560491385,7.5486775206474075,20.429850547399457,9.260704062616645,14.0227382504715,0.146
SO2,3,ozono_anomalo,1000,169,14.516485303768835,8.852696078431373,24.399583333333336,9.717062410230195,14.669720710295543,0.169
SO2,3,suelo_urbano,1000,72,9.170477422045035,6.244658962863442,11.546985787273096,0.8817680752854333,1.1406200935724764,0.072
SO2,3,vegetacion_densa,1000,121,14.828292543448212,13.149875529922113,24.9103125,11.685262479633849,15.823458549380096,0.121
