nombre_est,estacion_id,latitud,longitud,altitud,fuente,municipio
base aerea,8285,3.457128,-76.502303,956.0,cristian,santiago de cali
canaveralejo,30109,3.4111,-76.5444,975.0,cristian,santiago de cali
compartir,30110,3.4258,-76.4741,960.0,cristian,santiago de cali
era - obrero,30004,3.4525,-76.5222,965.0,cristian,santiago de cali
ermita,30111,3.4533,-76.5311,962.0,cristian,santiago de cali
estacion yumbo,8777,3.579075,-76.489558,950.0,cvc,yumbo
flora,8986,3.4792,-76.5072,952.0,cristian,santiago de cali
pance,8288,3.3214,-76.5333,1100.0,cristian,santiago de cali
univalle,8291,3.3768,-76.5336,980.0,cristian,santiago de cali
