time_idx,time_s2,scl_pct
0,20210103T152641_20210103T153117_T18NUJ,0.0
1,20210103T152641_20210103T153117_T18NUK,0.0
2,20210106T153621_20210106T154053_T18NUJ,0.102335356
3,20210106T153621_20210106T154053_T18NUK,0.06578262
4,20210108T152639_20210108T153127_T18NUJ,0.007975579
5,20210108T152639_20210108T153127_T18NUK,9.310834e-05
6,20210111T153619_20210111T153730_T18NUJ,0.3438813
7,20210111T153619_20210111T153730_T18NUK,0.13450456
8,20210113T152641_20210113T153118_T18NUJ,0.11660391
9,20210113T152641_20210113T153118_T18NUK,0.015857391
10,20210116T153621_20210116T154054_T18NUJ,0.62677
11,20210116T153621_20210116T154054_T18NUK,0.2181252
12,20210118T152639_20210118T153102_T18NUJ,1.1852547e-06
13,20210118T152639_20210118T153102_T18NUK,0.0
14,20210121T153619_20210121T153712_T18NUJ,0.04301263
15,20210121T153619_20210121T153712_T18NUK,0.024339601
16,20210123T152641_20210123T153118_T18NUJ,0.08605535
17,20210123T152641_20210123T153118_T18NUK,0.0026849313
18,20210126T153621_20210126T154057_T18NUJ,0.08554438
19,20210126T153621_20210126T154057_T18NUK,0.0006724345
20,20210128T152639_20210128T153015_T18NUJ,0.0
21,20210128T152639_20210128T153015_T18NUK,0.0
22,20210131T153619_20210131T153618_T18NUJ,0.63673955
23,20210131T153619_20210131T153618_T18NUK,0.22036736
24,20210202T152641_20210202T153037_T18NUJ,0.14453049
25,20210202T152641_20210202T153037_T18NUK,0.023676846
26,20210205T153621_20210205T154023_T18NUJ,0.51930255
27,20210205T153621_20210205T154023_T18NUK,0.17656943
28,20210207T152639_20210207T152638_T18NUJ,0.0
29,20210207T152639_20210207T152638_T18NUK,0.0
30,20210210T153619_20210210T153617_T18NUJ,0.47464007
31,20210210T153619_20210210T153617_T18NUK,0.10406991
32,20210212T152641_20210212T153145_T18NUJ,0.00086912094
33,20210212T152641_20210212T153145_T18NUK,1.5803396e-06
34,20210215T153621_20210215T153918_T18NUJ,0.0017355422
35,20210215T153621_20210215T153918_T18NUK,0.0003898171
36,20210217T152639_20210217T153027_T18NUJ,0.003264323
37,20210217T152639_20210217T153027_T18NUK,1.0008817e-05
38,20210220T153619_20210220T153616_T18NUJ,0.45925033
39,20210220T153619_20210220T153616_T18NUK,0.19391656
40,20210222T152641_20210222T153041_T18NUJ,0.030750314
41,20210222T152641_20210222T153041_T18NUK,1.1062378e-05
42,20210225T153621_20210225T153811_T18NUJ,0.111217126
43,20210225T153621_20210225T153811_T18NUK,0.04360644
44,20210227T152639_20210227T152637_T18NUJ,0.0010722604
45,20210227T152639_20210227T152637_T18NUK,0.0
46,20210302T153619_20210302T153618_T18NUJ,1.777882e-05
47,20210302T153619_20210302T153618_T18NUK,1.4618142e-05
48,20210304T152641_20210304T152929_T18NUJ,0.13936614
49,20210304T152641_20210304T152929_T18NUK,0.028058074
50,20210307T153621_20210307T153619_T18NUJ,0.0018295724
51,20210307T153621_20210307T153619_T18NUK,0.0
52,20210309T152639_20210309T152638_T18NUJ,0.06665688
53,20210309T152639_20210309T152638_T18NUK,0.016819883
54,20210312T153619_20210312T153640_T18NUJ,0.001737781
55,20210312T153619_20210312T153640_T18NUK,0.00092476205
56,20210314T152641_20210314T152815_T18NUJ,0.09188009
57,20210314T152641_20210314T152815_T18NUK,0.025796607
58,20210317T153621_20210317T153618_T18NUJ,0.128011
59,20210317T153621_20210317T153618_T18NUK,0.10153393
60,20210319T152639_20210319T152638_T18NUJ,0.13639253
61,20210319T152639_20210319T152638_T18NUK,0.02460332
62,20210322T153619_20210322T153839_T18NUJ,1.2642717e-05
63,20210322T153619_20210322T153839_T18NUK,5.7945786e-06
64,20210324T152641_20210324T152637_T18NUJ,1.8568991e-05
65,20210324T152641_20210324T152637_T18NUK,3.4635777e-05
66,20210327T153621_20210327T153617_T18NUJ,0.26455063
67,20210327T153621_20210327T153617_T18NUK,0.09620061
68,20210329T152639_20210329T152637_T18NUJ,0.120201156
69,20210329T152639_20210329T152637_T18NUK,0.020111797
70,20210401T153619_20210401T153617_T18NUJ,0.0
71,20210401T153619_20210401T153617_T18NUK,2.6338995e-07
72,20210403T152641_20210403T152640_T18NUJ,0.0018121887
73,20210403T152641_20210403T152640_T18NUK,0.0
74,20210406T153621_20210406T153615_T18NUJ,0.41092405
75,20210406T153621_20210406T153615_T18NUK,0.22443008
76,20210406T153621_20210406T154205_T18NUJ,2.172967e-06
77,20210408T152639_20210408T152636_T18NUJ,0.064223684
78,20210408T152639_20210408T152636_T18NUK,0.015631864
79,20210411T153619_20210411T153615_T18NUJ,0.10062549
80,20210411T153619_20210411T153615_T18NUK,0.0008755082
81,20210413T152631_20210413T152633_T18NUJ,0.057168193
82,20210413T152631_20210413T152633_T18NUK,0.006237864
83,20210416T153611_20210416T153613_T18NUJ,3.6874592e-06
84,20210416T153611_20210416T153613_T18NUK,2.3705095e-06
85,20210418T152639_20210418T152801_T18NUJ,0.03740071
86,20210418T152639_20210418T152801_T18NUK,0.0019178739
87,20210421T153619_20210421T153620_T18NUJ,0.38455603
88,20210421T153619_20210421T153620_T18NUK,0.13552222
89,20210423T152641_20210423T152635_T18NUJ,0.0
90,20210423T152641_20210423T152635_T18NUK,0.0
91,20210426T153621_20210426T153616_T18NUJ,0.033922058
92,20210426T153621_20210426T153616_T18NUK,4.7015103e-05
93,20210428T152639_20210428T152634_T18NUJ,0.008077906
94,20210428T152639_20210428T152634_T18NUK,0.0032125672
95,20210501T153619_20210501T153854_T18NUJ,0.79000306
96,20210501T153619_20210501T153854_T18NUK,0.29152644
97,20210503T152641_20210503T152637_T18NUJ,0.0023813085
98,20210503T152641_20210503T152637_T18NUK,0.0
99,20210506T153621_20210506T153834_T18NUJ,0.29848427
100,20210506T153621_20210506T153834_T18NUK,0.18181556
101,20210508T152639_20210508T152637_T18NUJ,1.6593565e-05
102,20210508T152639_20210508T152637_T18NUK,0.0
103,20210511T153619_20210511T153617_T18NUJ,0.40830708
104,20210511T153619_20210511T153617_T18NUK,0.17029049
105,20210513T152641_20210513T152639_T18NUJ,0.10918527
106,20210513T152641_20210513T152639_T18NUK,0.01526878
107,20210516T153621_20210516T153619_T18NUJ,0.2901898
108,20210516T153621_20210516T153619_T18NUK,0.105517566
109,20210518T152639_20210518T152638_T18NUJ,0.06735025
110,20210518T152639_20210518T152638_T18NUK,0.013722418
111,20210521T153619_20210521T153619_T18NUJ,0.7216693
112,20210521T153619_20210521T153619_T18NUK,0.275483
113,20210523T152641_20210523T152704_T18NUJ,0.052200988
114,20210523T152641_20210523T152704_T18NUK,0.00014170379
115,20210526T153621_20210526T153620_T18NUJ,0.29037094
116,20210526T153621_20210526T153620_T18NUK,0.09837542
117,20210528T152639_20210528T153131_T18NUJ,0.006729152
118,20210528T152639_20210528T153131_T18NUK,0.0
119,20210531T153619_20210531T153937_T18NUJ,0.07005158
120,20210531T153619_20210531T153937_T18NUK,0.0062254188
121,20210602T152641_20210602T152741_T18NUJ,0.0971733
122,20210602T152641_20210602T152741_T18NUK,0.016022602
123,20210605T153621_20210605T153620_T18NUJ,0.00033707326
124,20210605T153621_20210605T153620_T18NUK,0.0
125,20210607T152639_20210607T152640_T18NUJ,0.0011766287
126,20210607T152639_20210607T152640_T18NUK,0.00036453168
127,20210610T153619_20210610T154022_T18NUJ,0.031052949
128,20210610T153619_20210610T154022_T18NUK,0.017769206
129,20210612T152641_20210612T152639_T18NUJ,0.117751695
130,20210612T152641_20210612T152639_T18NUK,0.014791057
131,20210615T153621_20210615T153619_T18NUJ,0.05990475
132,20210615T153621_20210615T153619_T18NUK,0.077247724
133,20210617T152639_20210617T152640_T18NUJ,0.03762815
134,20210617T152639_20210617T152640_T18NUK,0.011220609
135,20210617T152639_20210617T153208_T18NUJ,0.11137206
136,20210617T152639_20210617T153208_T18NUK,0.011222716
137,20210620T153619_20210620T154108_T18NUJ,0.12349591
138,20210620T153619_20210620T154108_T18NUK,0.06785886
139,20210622T152641_20210622T152738_T18NUJ,0.11643152
140,20210622T152641_20210622T152738_T18NUK,0.017703425
141,20210625T153621_20210625T153620_T18NUJ,0.0
142,20210625T153621_20210625T153620_T18NUK,0.0
143,20210627T152639_20210627T153006_T18NUJ,7.1773757e-06
144,20210627T152639_20210627T153006_T18NUK,6.913986e-06
145,20210630T153619_20210630T153815_T18NUJ,0.0
146,20210630T153619_20210630T153815_T18NUK,0.0
147,20210702T152641_20210702T152641_T18NUJ,0.10194481
148,20210702T152641_20210702T152641_T18NUK,0.0122956345
149,20210705T153621_20210705T153621_T18NUJ,0.57482475
150,20210705T153621_20210705T153621_T18NUK,0.2076037
151,20210707T152639_20210707T152640_T18NUJ,0.14480929
152,20210707T152639_20210707T152640_T18NUK,0.027980572
153,20210710T153619_20210710T153621_T18NUJ,0.13908899
154,20210710T153619_20210710T153621_T18NUK,0.045171704
155,20210712T152641_20210712T152942_T18NUJ,0.016266238
156,20210712T152641_20210712T152942_T18NUK,5.136104e-06
157,20210715T153621_20210715T153622_T18NUJ,0.6947478
158,20210715T153621_20210715T153622_T18NUK,0.24989298
159,20210717T152639_20210717T152645_T18NUJ,0.0
160,20210717T152639_20210717T152645_T18NUK,0.0
161,20210720T153619_20210720T153621_T18NUJ,0.13966843
162,20210720T153619_20210720T153621_T18NUK,0.20584293
163,20210720T153619_20210720T154204_T18NUJ,0.80996525
164,20210720T153619_20210720T154204_T18NUK,0.27245542
165,20210722T152641_20210722T152711_T18NUJ,0.0
166,20210722T152641_20210722T152711_T18NUK,5.267799e-07
167,20210725T153621_20210725T153622_T18NUJ,0.0
168,20210725T153621_20210725T153622_T18NUK,5.267799e-07
169,20210727T152639_20210727T153108_T18NUJ,0.039438166
170,20210727T152639_20210727T153108_T18NUK,0.0049735266
171,20210730T153619_20210730T153649_T18NUJ,0.13980626
172,20210730T153619_20210730T153649_T18NUK,0.14168502
173,20210801T152641_20210801T152646_T18NUJ,0.0
174,20210801T152641_20210801T152646_T18NUK,0.0
175,20210804T153621_20210804T154132_T18NUJ,0.351027
176,20210804T153621_20210804T154132_T18NUK,0.25406647
177,20210806T152639_20210806T152640_T18NUJ,0.00030098885
178,20210806T152639_20210806T152640_T18NUK,0.0
179,20210809T153619_20210809T153619_T18NUJ,1.0535598e-06
180,20210809T153619_20210809T153619_T18NUK,0.0
181,20210811T152641_20210811T152858_T18NUJ,0.010893676
182,20210811T152641_20210811T152858_T18NUK,0.0026013048
183,20210814T153621_20210814T153621_T18NUJ,0.03726184
184,20210814T153621_20210814T153621_T18NUK,0.022200348
185,20210816T152639_20210816T152842_T18NUJ,0.0066464473
186,20210816T152639_20210816T152842_T18NUK,0.00011859132
187,20210819T153619_20210819T153918_T18NUJ,0.02232256
188,20210819T153619_20210819T153918_T18NUK,0.018303888
189,20210821T152641_20210821T152645_T18NUJ,0.054120444
190,20210821T152641_20210821T152645_T18NUK,0.01280266
191,20210824T153621_20210824T153621_T18NUJ,0.09888442
192,20210824T153621_20210824T153621_T18NUK,0.03735212
193,20210826T152639_20210826T152832_T18NUJ,0.0
194,20210826T152639_20210826T152832_T18NUK,0.0
195,20210829T153619_20210829T153743_T18NUJ,0.14787534
196,20210829T153619_20210829T153743_T18NUK,0.03944679
197,20210831T152641_20210831T152640_T18NUJ,0.05379331
198,20210831T152641_20210831T152640_T18NUK,8.033393e-06
199,20210903T153621_20210903T154145_T18NUJ,0.6264386
200,20210903T153621_20210903T154145_T18NUK,0.1776072
201,20210905T152639_20210905T152635_T18NUJ,0.06151979
202,20210905T152639_20210905T152635_T18NUK,0.0063018017
203,20210908T153619_20210908T154118_T18NUJ,0.001472679
204,20210908T153619_20210908T154118_T18NUK,0.0025592283
205,20210910T152641_20210910T152639_T18NUJ,0.017941399
206,20210910T152641_20210910T152639_T18NUK,0.0
207,20210913T153621_20210913T153620_T18NUJ,0.65053993
208,20210913T153621_20210913T153620_T18NUK,0.25357398
209,20210915T152639_20210915T153026_T18NUJ,0.09371335
210,20210915T152639_20210915T153026_T18NUK,0.015465138
211,20210918T153619_20210918T153702_T18NUJ,0.21541616
212,20210918T153619_20210918T153702_T18NUK,0.20780993
213,20210920T152641_20210920T152805_T18NUJ,0.11520176
214,20210920T152641_20210920T152805_T18NUK,0.018719519
215,20210923T153621_20210923T153622_T18NUJ,5.5970362e-05
216,20210923T153621_20210923T153622_T18NUK,4.2800864e-05
217,20210925T152639_20210925T152641_T18NUJ,0.102486804
218,20210925T152639_20210925T152641_T18NUK,0.015475278
219,20210930T152641_20210930T152842_T18NUJ,3.0158148e-05
220,20210930T152641_20210930T152842_T18NUK,0.0
221,20211003T153621_20211003T153624_T18NUJ,0.7113454
222,20211003T153621_20211003T153624_T18NUK,0.26460817
223,20211005T152639_20211005T152639_T18NUJ,0.0
224,20211005T152639_20211005T152639_T18NUK,0.0
225,20211008T153619_20211008T153619_T18NUJ,0.66581315
226,20211008T153619_20211008T153619_T18NUK,0.2630121
227,20211010T152641_20211010T152955_T18NUJ,0.14695163
228,20211010T152641_20211010T152955_T18NUK,0.031091273
229,20211013T153621_20211013T153809_T18NUJ,0.5678808
230,20211013T153621_20211013T153809_T18NUK,0.2680073
231,20211015T152639_20211015T152640_T18NUJ,0.1211601
232,20211015T152639_20211015T152640_T18NUK,0.024209816
233,20211018T153619_20211018T153620_T18NUJ,0.5635128
234,20211018T153619_20211018T153620_T18NUK,0.2190923
235,20211020T152641_20211020T153100_T18NUJ,0.00023764357
236,20211020T152641_20211020T153100_T18NUK,3.950849e-06
237,20211023T153621_20211023T153910_T18NUJ,0.2184992
238,20211023T153621_20211023T153910_T18NUK,0.13721542
239,20211025T152639_20211025T152901_T18NUJ,0.043951616
240,20211025T152639_20211025T152901_T18NUK,0.0021904823
241,20211028T153619_20211028T153620_T18NUJ,0.59319514
242,20211028T153619_20211028T153620_T18NUK,0.27033183
243,20211030T152641_20211030T153201_T18NUJ,0.13765159
244,20211030T152641_20211030T153201_T18NUK,0.025301699
245,20211102T153621_20211102T154014_T18NUJ,0.56590384
246,20211102T153621_20211102T154014_T18NUK,0.20649363
247,20211104T152639_20211104T152803_T18NUJ,0.07222705
248,20211104T152639_20211104T152803_T18NUK,0.020571018
249,20211107T153619_20211107T153619_T18NUJ,0.5773332
250,20211107T153619_20211107T153619_T18NUK,0.19620891
251,20211109T152641_20211109T153044_T18NUJ,0.008314496
252,20211109T152641_20211109T153044_T18NUK,0.009658114
253,20211112T153621_20211112T154055_T18NUJ,0.39356744
254,20211112T153621_20211112T154055_T18NUK,0.19863895
255,20211114T152639_20211114T153018_T18NUJ,0.004176508
256,20211114T152639_20211114T153018_T18NUK,0.00035241575
257,20211117T153619_20211117T153700_T18NUJ,0.4329744
258,20211117T153619_20211117T153700_T18NUK,0.18179075
259,20211119T152641_20211119T153117_T18NUJ,0.0008619436
260,20211119T152641_20211119T153117_T18NUK,0.000718857
261,20211122T153621_20211122T154053_T18NUJ,0.36485538
262,20211122T153621_20211122T154053_T18NUK,0.117338635
263,20211124T152639_20211124T153058_T18NUJ,0.07723594
264,20211124T152639_20211124T153058_T18NUK,0.0059488593
265,20211127T153619_20211127T153730_T18NUJ,0.50058067
266,20211127T153619_20211127T153730_T18NUK,0.18395936
267,20211129T152641_20211129T153117_T18NUJ,0.014339146
268,20211129T152641_20211129T153117_T18NUK,0.0031330234
269,20211202T153621_20211202T154056_T18NUJ,0.6185356
270,20211202T153621_20211202T154056_T18NUK,0.23978467
271,20211204T152639_20211204T153057_T18NUJ,0.092051886
272,20211204T152639_20211204T153057_T18NUK,0.01799783
273,20211207T153619_20211207T153726_T18NUJ,0.43139288
274,20211207T153619_20211207T153726_T18NUK,0.098654546
275,20211209T152641_20211209T153115_T18NUJ,0.0
276,20211209T152641_20211209T153115_T18NUK,0.0
277,20211212T153621_20211212T154103_T18NUJ,0.00034010227
278,20211212T153621_20211212T154103_T18NUK,4.1220526e-05
279,20211214T152639_20211214T153122_T18NUJ,0.07511282
280,20211214T152639_20211214T153122_T18NUK,6.044799e-05
281,20211217T153609_20211217T153742_T18NUJ,0.19011039
282,20211217T153609_20211217T153742_T18NUK,0.014582386
283,20211219T152641_20211219T153118_T18NUJ,0.0048632976
284,20211219T152641_20211219T153118_T18NUK,0.0019271583
285,20211222T153621_20211222T154116_T18NUJ,0.07954515
286,20211222T153621_20211222T154116_T18NUK,0.037354223
287,20211224T152639_20211224T153123_T18NUJ,0.04703591
288,20211224T152639_20211224T153123_T18NUK,0.0
289,20211227T153619_20211227T153744_T18NUJ,0.25649497
290,20211227T153619_20211227T153744_T18NUK,0.19058949
291,20211229T152641_20211229T153119_T18NUJ,0.0
292,20211229T152641_20211229T153119_T18NUK,0.0
293,20220101T153621_20220101T154106_T18NUJ,0.0038473369
294,20220101T153621_20220101T154106_T18NUK,8.955258e-06
295,20220103T152639_20220103T153113_T18NUJ,4.8595444e-05
296,20220103T152639_20220103T153113_T18NUK,1.7910515e-05
297,20220106T153619_20220106T153727_T18NUJ,0.00838087
298,20220106T153619_20220106T153727_T18NUK,0.0007189887
299,20220108T152641_20220108T153118_T18NUJ,0.09697405
300,20220108T152641_20220108T153118_T18NUK,0.020701133
301,20220111T153621_20220111T154058_T18NUJ,0.104968466
302,20220111T153621_20220111T154058_T18NUK,0.00032805218
303,20220113T152639_20220113T153102_T18NUJ,0.056952346
304,20220113T152639_20220113T153102_T18NUK,8.5930966e-05
305,20220116T153619_20220116T153730_T18NUJ,0.66881377
306,20220116T153619_20220116T153730_T18NUK,0.24392635
307,20220118T152641_20220118T153117_T18NUJ,0.06066522
308,20220118T152641_20220118T153117_T18NUK,0.0049902517
309,20220121T153621_20220121T153934_T18NUJ,0.04454727
310,20220121T153621_20220121T153934_T18NUK,0.02912658
311,20220123T152639_20220123T153035_T18NUJ,0.110257134
312,20220123T152639_20220123T153035_T18NUK,0.014700582
313,20220126T153619_20220126T153649_T18NUJ,0.10643548
314,20220126T153619_20220126T153649_T18NUK,0.032027625
315,20220128T152641_20220128T153044_T18NUJ,0.07083036
316,20220128T152641_20220128T153044_T18NUK,0.012137799
317,20220131T153621_20220131T153814_T18NUJ,0.12385556
318,20220131T153621_20220131T153814_T18NUK,0.02651079
319,20220202T152639_20220202T152919_T18NUJ,0.064967565
320,20220202T152639_20220202T152919_T18NUK,0.003509605
321,20220205T153619_20220205T153613_T18NUJ,0.18343589
322,20220205T153619_20220205T153613_T18NUK,0.070060536
323,20220207T152641_20220207T152819_T18NUJ,0.0
324,20220207T152641_20220207T152819_T18NUK,1.3959667e-05
325,20220210T153621_20220210T154143_T18NUJ,0.0942153
326,20220210T153621_20220210T154143_T18NUK,0.033276092
327,20220212T152639_20220212T153104_T18NUJ,2.6338995e-07
328,20220212T152639_20220212T153104_T18NUK,0.0012815237
329,20220215T153609_20220215T153612_T18NUJ,0.33675155
330,20220215T153609_20220215T153612_T18NUK,0.028276753
331,20220217T152641_20220217T152734_T18NUJ,0.007766513
332,20220217T152641_20220217T152734_T18NUK,0.007096976
333,20220220T153621_20220220T153621_T18NUJ,0.45135447
334,20220220T153621_20220220T153621_T18NUK,0.19030786
335,20220222T152639_20220222T152811_T18NUJ,0.12320387
336,20220222T152639_20220222T152811_T18NUK,0.018164687
337,20220225T153619_20220225T153614_T18NUJ,0.29642418
338,20220225T153619_20220225T153614_T18NUK,0.05536114
339,20220227T152641_20220227T153011_T18NUJ,0.0
340,20220227T152641_20220227T153011_T18NUK,0.0
341,20220302T153621_20220302T153622_T18NUJ,5.070256e-05
342,20220302T153621_20220302T153622_T18NUK,7.4275966e-05
343,20220304T152639_20220304T152907_T18NUJ,0.007920398
344,20220304T152639_20220304T152907_T18NUK,6.0579687e-06
345,20220307T153619_20220307T153616_T18NUJ,0.1735278
346,20220307T153619_20220307T153616_T18NUK,0.053519517
347,20220309T152641_20220309T152853_T18NUJ,0.11801081
348,20220309T152641_20220309T152853_T18NUK,0.016466085
349,20220312T153621_20220312T153627_T18NUJ,0.066132076
350,20220312T153621_20220312T153627_T18NUK,0.011391944
351,20220314T152639_20220314T152637_T18NUJ,0.13696046
352,20220314T152639_20220314T152637_T18NUK,0.022220036
353,20220317T153619_20220317T154033_T18NUJ,0.16816013
354,20220317T153619_20220317T154033_T18NUK,0.065201126
355,20220319T152641_20220319T152747_T18NUJ,2.3705095e-06
356,20220319T152641_20220319T152747_T18NUK,0.0
357,20220322T153621_20220322T153622_T18NUJ,4.872714e-06
358,20220322T153621_20220322T153622_T18NUK,3.2923742e-06
359,20220324T152639_20220324T152835_T18NUJ,0.0
360,20220324T152639_20220324T152835_T18NUK,0.0038344308
361,20220327T153619_20220327T154047_T18NUJ,2.9367979e-05
362,20220327T153619_20220327T154047_T18NUK,1.4486446e-05
363,20220329T152641_20220329T152641_T18NUJ,0.0
364,20220329T152641_20220329T152641_T18NUK,0.0009618342
365,20220401T153621_20220401T153621_T18NUJ,0.27840605
366,20220401T153621_20220401T153621_T18NUK,0.1051664
367,20220403T152639_20220403T153055_T18NUJ,0.07292846
368,20220403T152639_20220403T153055_T18NUK,0.004464328
369,20220406T153619_20220406T154150_T18NUJ,0.29075265
370,20220406T153619_20220406T154150_T18NUK,0.17515543
371,20220408T152641_20220408T152640_T18NUJ,1.7647126e-05
372,20220408T152641_20220408T152640_T18NUK,0.0
373,20220411T153621_20220411T154026_T18NUJ,0.28071508
374,20220411T153621_20220411T154026_T18NUK,0.1214649
375,20220413T152639_20220413T152635_T18NUJ,5.267799e-07
376,20220413T152639_20220413T152635_T18NUK,1.1325767e-05
377,20220416T153619_20220416T153615_T18NUJ,0.0003115903
378,20220416T153619_20220416T153615_T18NUK,5.109765e-05
379,20220418T152641_20220418T152643_T18NUJ,0.024175113
380,20220418T152641_20220418T152643_T18NUK,0.0077664475
381,20220421T153621_20220421T153959_T18NUJ,0.3111482
382,20220421T153621_20220421T153959_T18NUK,0.09223507
383,20220423T152639_20220423T152633_T18NUJ,0.06213948
384,20220423T152639_20220423T152633_T18NUK,0.0054689627
385,20220426T153609_20220426T153612_T18NUJ,0.35928166
386,20220426T153609_20220426T153612_T18NUK,0.14438865
387,20220428T152641_20220428T152644_T18NUJ,0.0
388,20220428T152641_20220428T152644_T18NUK,0.0
389,20220501T153621_20220501T153624_T18NUJ,0.0058705006
390,20220501T153621_20220501T153624_T18NUK,1.2642717e-05
391,20220503T152639_20220503T152934_T18NUJ,0.11298948
392,20220503T152639_20220503T152934_T18NUK,0.012668266
393,20220506T153619_20220506T153615_T18NUJ,2.6075604e-05
394,20220506T153619_20220506T153615_T18NUK,2.3968485e-05
395,20220508T152641_20220508T152643_T18NUJ,0.07807628
396,20220508T152641_20220508T152643_T18NUK,0.015346414
397,20220511T153621_20220511T154121_T18NUJ,0.5851805
398,20220511T153621_20220511T154121_T18NUK,0.12583125
399,20220513T152639_20220513T152637_T18NUJ,0.0
400,20220513T152639_20220513T152637_T18NUK,0.0
401,20220516T153619_20220516T153618_T18NUJ,0.0001768005
402,20220516T153619_20220516T153618_T18NUK,4.6620018e-05
403,20220518T152651_20220518T152645_T18NUJ,0.0
404,20220518T152651_20220518T152645_T18NUK,0.0
405,20220521T153631_20220521T153954_T18NUJ,0.030364316
406,20220521T153631_20220521T153954_T18NUK,0.01222103
407,20220523T152639_20220523T152639_T18NUJ,0.015116146
408,20220523T152639_20220523T152639_T18NUK,0.0
409,20220526T153619_20220526T153619_T18NUJ,0.0
410,20220526T153619_20220526T153619_T18NUK,9.9561395e-05
411,20220528T152651_20220528T152716_T18NUJ,0.0
412,20220528T152651_20220528T152716_T18NUK,0.00014960549
413,20220531T153631_20220531T153627_T18NUJ,0.000105882755
414,20220531T153631_20220531T153627_T18NUK,0.00496951
415,20220602T152639_20220602T152638_T18NUJ,6.110647e-05
416,20220602T152639_20220602T152638_T18NUK,0.0
417,20220605T153619_20220605T153633_T18NUJ,0.49883696
418,20220605T153619_20220605T153633_T18NUK,0.14515775
419,20220607T152651_20220607T152647_T18NUJ,0.0
420,20220607T152651_20220607T152647_T18NUK,0.0
421,20220610T153631_20220610T154138_T18NUJ,0.2189257
422,20220610T153631_20220610T154138_T18NUK,0.05978991
423,20220612T152639_20220612T153026_T18NUJ,0.00019701567
424,20220612T152639_20220612T153026_T18NUK,0.00046271028
425,20220615T153619_20220615T154006_T18NUJ,0.3707141
426,20220615T153619_20220615T154006_T18NUK,0.11155242
427,20220617T152651_20220617T152751_T18NUJ,0.0
428,20220617T152651_20220617T152751_T18NUK,0.0
429,20220620T153631_20220620T153631_T18NUJ,0.25075597
430,20220620T153631_20220620T153631_T18NUK,0.13329467
431,20220622T152649_20220622T153041_T18NUJ,0.035247896
432,20220622T152649_20220622T153041_T18NUK,0.0
433,20220625T153629_20220625T154022_T18NUJ,0.13158315
434,20220625T153629_20220625T154022_T18NUK,0.06680675
435,20220627T152651_20220627T152652_T18NUJ,0.041012842
436,20220627T152651_20220627T152652_T18NUK,0.006823643
437,20220702T152649_20220702T153049_T18NUJ,1.5803396e-06
438,20220702T152649_20220702T153049_T18NUK,0.0023472654
439,20220705T153629_20220705T154008_T18NUJ,0.14289635
440,20220705T153629_20220705T154008_T18NUK,0.03373419
441,20220707T152651_20220707T153057_T18NUJ,0.15256493
442,20220707T152651_20220707T153057_T18NUK,0.028341679
443,20220710T153631_20220710T153632_T18NUJ,0.22935028
444,20220710T153631_20220710T153632_T18NUK,0.05673676
445,20220712T152649_20220712T152643_T18NUJ,0.008094302
446,20220712T152649_20220712T152643_T18NUK,0.00013735786
447,20220715T153629_20220715T153952_T18NUJ,0.10621785
448,20220715T153629_20220715T153952_T18NUK,0.095537126
449,20220717T152651_20220717T152651_T18NUJ,0.056620408
450,20220717T152651_20220717T152651_T18NUK,0.00026266562
451,20220720T153631_20220720T153630_T18NUJ,0.007623361
452,20220720T153631_20220720T153630_T18NUK,0.000133407
453,20220722T152649_20220722T153002_T18NUJ,1.0008817e-05
454,20220722T152649_20220722T153002_T18NUK,3.4767472e-05
455,20220725T153629_20220725T153921_T18NUJ,0.0009228525
456,20220725T153629_20220725T153921_T18NUK,0.0001020636
457,20220727T152651_20220727T152649_T18NUJ,5.267799e-07
458,20220727T152651_20220727T152649_T18NUK,1.5803396e-06
459,20220730T153631_20220730T154107_T18NUJ,0.30487907
460,20220730T153631_20220730T154107_T18NUK,0.14158744
461,20220801T152649_20220801T152929_T18NUJ,0.11044546
462,20220801T152649_20220801T152929_T18NUK,0.016375478
463,20220804T153629_20220804T153750_T18NUJ,3.6150268e-05
464,20220804T153629_20220804T153750_T18NUK,0.0
465,20220806T152651_20220806T152650_T18NUJ,0.0027516347
466,20220806T152651_20220806T152650_T18NUK,0.0
467,20220809T153631_20220809T153721_T18NUJ,0.17470668
468,20220809T153631_20220809T153721_T18NUK,0.07140837
469,20220811T152639_20220811T152935_T18NUJ,0.057680618
470,20220811T152639_20220811T152935_T18NUK,0.0054526986
471,20220814T153619_20220814T153828_T18NUJ,0.3000153
472,20220814T153619_20220814T153828_T18NUK,0.074703775
473,20220816T152651_20220816T153208_T18NUJ,0.08232878
474,20220816T152651_20220816T153208_T18NUK,0.01579207
475,20220819T153631_20220819T153632_T18NUJ,0.012846844
476,20220819T153631_20220819T153632_T18NUK,0.0037780653
477,20220821T152639_20220821T152904_T18NUJ,0.0037390178
478,20220821T152639_20220821T152904_T18NUK,4.5698154e-05
479,20220824T153619_20220824T153619_T18NUJ,0.78064084
480,20220824T153619_20220824T153619_T18NUK,0.25937983
481,20220826T152651_20220826T152652_T18NUJ,0.0055394853
482,20220826T152651_20220826T152652_T18NUK,0.00051150325
483,20220826T152651_20220826T153220_T18NUJ,0.019045133
484,20220826T152651_20220826T153220_T18NUK,0.00025259095
485,20220829T153631_20220829T153631_T18NUJ,0.22171915
486,20220829T153631_20220829T153631_T18NUK,0.067395955
487,20220829T153631_20220829T154217_T18NUJ,0.22542688
488,20220829T153631_20220829T154217_T18NUK,0.000785758
489,20220831T152639_20220831T152730_T18NUJ,0.08314134
490,20220831T152639_20220831T152730_T18NUK,0.010256536
491,20220903T153619_20220903T153620_T18NUJ,0.2889472
492,20220903T153619_20220903T153620_T18NUK,0.17800926
493,20220905T152651_20220905T152651_T18NUJ,0.0434278
494,20220905T152651_20220905T152651_T18NUK,0.021799535
495,20220905T152651_20220905T153223_T18NUJ,0.005589398
496,20220908T153631_20220908T153735_T18NUJ,0.61479723
497,20220908T153631_20220908T153735_T18NUK,0.22182767
498,20220910T152639_20220910T152931_T18NUJ,0.0
499,20220910T152639_20220910T152931_T18NUK,0.0
500,20220913T153619_20220913T153809_T18NUJ,0.3051422
501,20220913T153619_20220913T153809_T18NUK,0.091235906
502,20220915T152651_20220915T152648_T18NUJ,0.056793585
503,20220915T152651_20220915T152648_T18NUK,0.0038686055
504,20220918T153631_20220918T153627_T18NUJ,0.015887879
505,20220918T153631_20220918T153627_T18NUK,5.267799e-07
506,20220920T152639_20220920T152926_T18NUJ,0.0
507,20220920T152639_20220920T152926_T18NUK,1.0535598e-06
508,20220923T153619_20220923T153620_T18NUJ,0.7432858
509,20220923T153619_20220923T153620_T18NUK,0.28935763
510,20220925T152651_20220925T152841_T18NUJ,0.06817434
511,20220925T152651_20220925T152841_T18NUK,0.0073218453
512,20220928T153631_20220928T153640_T18NUJ,1.0535598e-06
513,20220928T153631_20220928T153640_T18NUK,7.1115282e-06
514,20220928T153631_20220928T154216_T18NUJ,0.0
515,20220930T152639_20220930T153047_T18NUJ,0.059724722
516,20220930T152639_20220930T153047_T18NUK,2.3705095e-06
517,20221003T153619_20221003T153617_T18NUJ,0.59649116
518,20221003T153619_20221003T153617_T18NUK,0.18422341
519,20221005T152651_20221005T152646_T18NUJ,0.008956838
520,20221005T152651_20221005T152646_T18NUK,0.00010522428
521,20221008T153631_20221008T153625_T18NUJ,0.0
522,20221008T153631_20221008T153625_T18NUK,0.0
523,20221010T152639_20221010T153136_T18NUJ,0.07204162
524,20221010T152639_20221010T153136_T18NUK,0.014727317
525,20221013T153619_20221013T153618_T18NUJ,0.0006413545
526,20221013T153619_20221013T153618_T18NUK,0.0010712728
527,20221015T152641_20221015T152726_T18NUJ,0.0
528,20221015T152641_20221015T152726_T18NUK,0.0
529,20221018T153621_20221018T153957_T18NUJ,0.3558977
530,20221018T153621_20221018T153957_T18NUK,0.10376615
531,20221020T152639_20221020T152714_T18NUJ,0.0
532,20221020T152639_20221020T152714_T18NUK,0.0
533,20221023T153619_20221023T153618_T18NUJ,0.0010777258
534,20221023T153619_20221023T153618_T18NUK,0.0023113126
535,20221025T152641_20221025T152642_T18NUJ,0.026417352
536,20221025T152641_20221025T152642_T18NUK,0.0
537,20221028T153621_20221028T153622_T18NUJ,0.03259661
538,20221028T153621_20221028T153622_T18NUK,6.3213583e-06
539,20221030T152639_20221030T152637_T18NUJ,0.10382331
540,20221030T152639_20221030T152637_T18NUK,0.016648417
541,20221102T153619_20221102T154036_T18NUJ,0.0
542,20221102T153619_20221102T154036_T18NUK,0.0
543,20221104T152641_20221104T152643_T18NUJ,0.0
544,20221104T152641_20221104T152643_T18NUK,0.0
545,20221109T152639_20221109T152750_T18NUJ,0.010575369
546,20221109T152639_20221109T152750_T18NUK,0.011717099
547,20221112T153619_20221112T153922_T18NUJ,0.0
548,20221112T153619_20221112T153922_T18NUK,0.0
549,20221114T152641_20221114T152743_T18NUJ,0.0962382
550,20221114T152641_20221114T152743_T18NUK,0.011065341
551,20221117T153621_20221117T154026_T18NUJ,0.0004293256
552,20221117T153621_20221117T154026_T18NUK,0.00047265325
553,20221119T152639_20221119T152859_T18NUJ,0.0695335
554,20221119T152639_20221119T152859_T18NUK,0.010806494
555,20221122T153619_20221122T153618_T18NUJ,1.6066786e-05
556,20221122T153619_20221122T153618_T18NUK,0.00013590921
557,20221124T152641_20221124T152859_T18NUJ,4.477629e-06
558,20221124T152641_20221124T152859_T18NUK,0.008545094
559,20221127T153621_20221127T153618_T18NUJ,1.9754245e-05
560,20221127T153621_20221127T153618_T18NUK,1.0008817e-05
561,20221129T152639_20221129T152637_T18NUJ,0.00055061665
562,20221129T152639_20221129T152637_T18NUK,0.011466089
563,20221202T153619_20221202T153617_T18NUJ,0.35339153
564,20221202T153619_20221202T153617_T18NUK,0.14382987
565,20221204T152641_20221204T152918_T18NUJ,0.00010140512
566,20221204T152641_20221204T152918_T18NUK,0.0
567,20221207T153621_20221207T153644_T18NUJ,0.07852161
568,20221207T153621_20221207T153644_T18NUK,0.032455895
569,20221209T152639_20221209T152906_T18NUJ,0.05750171
570,20221209T152639_20221209T152906_T18NUK,0.006168
571,20221214T152641_20221214T152918_T18NUJ,0.0
572,20221214T152641_20221214T152918_T18NUK,2.6338995e-07
573,20221217T153621_20221217T153723_T18NUJ,0.2105786
574,20221217T153621_20221217T153723_T18NUK,0.08066587
575,20221219T152639_20221219T152909_T18NUJ,0.079090536
576,20221219T152639_20221219T152909_T18NUK,0.009434364
577,20221222T153619_20221222T153618_T18NUJ,0.398455
578,20221222T153619_20221222T153618_T18NUK,0.123024635
579,20221224T152641_20221224T152916_T18NUJ,0.0
580,20221224T152641_20221224T152916_T18NUK,0.0
581,20221227T153621_20221227T153718_T18NUJ,0.02891014
582,20221227T153621_20221227T153718_T18NUK,0.0
583,20221229T152639_20221229T152909_T18NUJ,0.09160254
584,20221229T152639_20221229T152909_T18NUK,0.0075944536
585,20230101T153619_20230101T153617_T18NUJ,0.13910802
586,20230101T153619_20230101T153617_T18NUK,0.00016949142
587,20230103T152641_20230103T152917_T18NUJ,0.021840163
588,20230103T152641_20230103T152917_T18NUK,0.00976696
589,20230106T153621_20230106T154157_T18NUJ,0.35758272
590,20230106T153621_20230106T154157_T18NUK,0.14341661
591,20230108T152639_20230108T152857_T18NUJ,0.0
592,20230108T152639_20230108T152857_T18NUK,0.0
593,20230111T153619_20230111T153614_T18NUJ,0.29752982
594,20230111T153619_20230111T153614_T18NUK,0.11572735
595,20230113T152641_20230113T152915_T18NUJ,0.08534407
596,20230113T152641_20230113T152915_T18NUK,0.010806626
597,20230116T153621_20230116T153615_T18NUJ,0.23905
598,20230116T153621_20230116T153615_T18NUK,0.07122643
599,20230118T152639_20230118T152857_T18NUJ,0.030625204
600,20230118T152639_20230118T152857_T18NUK,0.00027563758
601,20230121T153619_20230121T153616_T18NUJ,0.1054799
602,20230121T153619_20230121T153616_T18NUK,0.07983356
603,20230123T152641_20230123T152827_T18NUJ,0.124679185
604,20230123T152641_20230123T152827_T18NUK,0.017284635
605,20230126T153621_20230126T153616_T18NUJ,0.53293735
606,20230126T153621_20230126T153616_T18NUK,0.20330115
607,20230128T152639_20230128T152835_T18NUJ,0.05670272
608,20230128T152639_20230128T152835_T18NUK,0.0007214909
609,20230131T153619_20230131T153840_T18NUJ,0.13970637
610,20230131T153619_20230131T153840_T18NUK,0.12744287
611,20230202T152641_20230202T152642_T18NUJ,0.08386382
612,20230202T152641_20230202T152642_T18NUK,0.012028953
613,20230205T153621_20230205T153618_T18NUJ,0.69733083
614,20230205T153621_20230205T153618_T18NUK,0.22841616
615,20230207T152639_20230207T152901_T18NUJ,0.089975916
616,20230207T152639_20230207T152901_T18NUK,0.006181103
617,20230210T153619_20230210T153617_T18NUJ,0.4085556
618,20230210T153619_20230210T153617_T18NUK,0.17893928
619,20230212T152641_20230212T152637_T18NUJ,0.0
620,20230212T152641_20230212T152637_T18NUK,0.0
621,20230215T153621_20230215T153616_T18NUJ,0.15706298
622,20230215T153621_20230215T153616_T18NUK,0.11087011
623,20230217T152639_20230217T152916_T18NUJ,0.0661731
624,20230217T152639_20230217T152916_T18NUK,0.010588539
625,20230220T153619_20230220T153618_T18NUJ,0.16802204
626,20230220T153619_20230220T153618_T18NUK,0.06891387
627,20230222T152641_20230222T152636_T18NUJ,0.0
628,20230222T152641_20230222T152636_T18NUK,0.0
629,20230225T153621_20230225T153920_T18NUJ,0.44028243
630,20230225T153621_20230225T153920_T18NUK,0.120563455
631,20230227T152639_20230227T152640_T18NUJ,0.12649973
632,20230227T152639_20230227T152640_T18NUK,0.016669752
633,20230302T153619_20230302T153620_T18NUJ,0.37760502
634,20230302T153619_20230302T153620_T18NUK,0.11844797
635,20230304T152641_20230304T152933_T18NUJ,0.0010151707
636,20230304T152641_20230304T152933_T18NUK,0.00072603434
637,20230307T153621_20230307T153615_T18NUJ,6.624257e-05
638,20230307T153621_20230307T153615_T18NUK,0.004027298
639,20230309T152649_20230309T152737_T18NUJ,2.3770943e-05
640,20230309T152649_20230309T152737_T18NUK,0.0
641,20230312T153629_20230312T153623_T18NUJ,0.0009056663
642,20230312T153629_20230312T153623_T18NUK,0.0025124766
643,20230314T152641_20230314T152954_T18NUJ,0.0
644,20230314T152641_20230314T152954_T18NUK,0.0
645,20230317T153621_20230317T153946_T18NUJ,0.36443725
646,20230317T153621_20230317T153946_T18NUK,0.100694634
647,20230319T152639_20230319T153015_T18NUJ,0.052164443
648,20230319T152639_20230319T153015_T18NUK,0.01952661
649,20230322T153619_20230322T153621_T18NUJ,0.02702361
650,20230322T153619_20230322T153621_T18NUK,3.950849e-06
651,20230324T152641_20230324T152637_T18NUJ,6.0579685e-05
652,20230324T152641_20230324T152637_T18NUK,0.0
653,20230327T153621_20230327T153617_T18NUJ,0.1645815
654,20230327T153621_20230327T153617_T18NUK,0.038969528
655,20230329T152639_20230329T152957_T18NUJ,0.0
656,20230329T152639_20230329T152957_T18NUK,0.0
657,20230401T153619_20230401T154002_T18NUJ,0.36251307
658,20230401T153619_20230401T154002_T18NUK,0.1666584
659,20230403T152641_20230403T153203_T18NUJ,0.069777325
660,20230403T152641_20230403T153203_T18NUK,0.015985794
661,20230406T153621_20230406T153749_T18NUJ,0.0
662,20230406T153621_20230406T153749_T18NUK,0.0
663,20230408T152639_20230408T152641_T18NUJ,0.026197882
664,20230408T152639_20230408T152641_T18NUK,0.008539958
665,20230411T153619_20230411T153620_T18NUJ,0.00051887817
666,20230411T153619_20230411T153620_T18NUK,6.0579687e-06
667,20230413T152641_20230413T153029_T18NUJ,0.0
668,20230413T152641_20230413T153029_T18NUK,0.0
669,20230416T153621_20230416T153617_T18NUJ,0.0
670,20230416T153621_20230416T153617_T18NUK,0.0
671,20230418T152639_20230418T152846_T18NUJ,0.046306916
672,20230418T152639_20230418T152846_T18NUK,0.010308489
673,20230421T153619_20230421T153845_T18NUJ,5.267799e-07
674,20230421T153619_20230421T153845_T18NUK,1.3169497e-06
675,20230423T152641_20230423T152637_T18NUJ,0.0
676,20230423T152641_20230423T152637_T18NUK,1.8437296e-06
677,20230426T153621_20230426T154157_T18NUJ,0.030686442
678,20230426T153621_20230426T154157_T18NUK,0.00021848196
679,20230428T152639_20230428T153103_T18NUJ,0.017942583
680,20230428T152639_20230428T153103_T18NUK,0.0013774636
681,20230501T153619_20230501T153621_T18NUJ,0.468671
682,20230501T153619_20230501T153621_T18NUK,0.14071871
683,20230503T152641_20230503T153004_T18NUJ,0.030796276
684,20230503T152641_20230503T153004_T18NUK,0.025425624
685,20230506T153621_20230506T153618_T18NUJ,0.09127989
686,20230506T153621_20230506T153618_T18NUK,0.019764584
687,20230508T152639_20230508T152641_T18NUJ,0.00018002703
688,20230508T152639_20230508T152641_T18NUK,1.5803396e-06
689,20230511T153619_20230511T153903_T18NUJ,0.32251504
690,20230511T153619_20230511T153903_T18NUK,0.19319783
691,20230513T152641_20230513T153145_T18NUJ,0.039629385
692,20230513T152641_20230513T153145_T18NUK,1.3169497e-06
693,20230516T153621_20230516T153832_T18NUJ,0.0
694,20230516T153621_20230516T153832_T18NUK,1.5803396e-06
695,20230518T152639_20230518T152642_T18NUJ,0.13175423
696,20230518T152639_20230518T152642_T18NUK,0.02868988
697,20230521T153619_20230521T153825_T18NUJ,0.0041410825
698,20230521T153619_20230521T153825_T18NUK,4.2800866e-06
699,20230523T152641_20230523T153202_T18NUJ,3.1606793e-05
700,20230523T152641_20230523T153202_T18NUK,0.0
701,20230526T153621_20230526T153621_T18NUJ,0.0
702,20230526T153621_20230526T153621_T18NUK,0.0
703,20230528T152639_20230528T152903_T18NUJ,0.035595637
704,20230528T152639_20230528T152903_T18NUK,0.006530556
705,20230531T153619_20230531T153849_T18NUJ,0.40698513
706,20230531T153619_20230531T153849_T18NUK,0.14790656
707,20230602T152641_20230602T152801_T18NUJ,0.030954508
708,20230602T152641_20230602T152801_T18NUK,1.4947379e-05
709,20230605T153621_20230605T153621_T18NUJ,0.119261056
710,20230605T153621_20230605T153621_T18NUK,0.0089285895
711,20230607T152639_20230607T152932_T18NUJ,0.0
712,20230607T152639_20230607T152932_T18NUK,0.0
713,20230610T153619_20230610T153901_T18NUJ,0.38152528
714,20230610T153619_20230610T153901_T18NUK,0.14255019
715,20230612T152641_20230612T153152_T18NUJ,0.16346282
716,20230612T152641_20230612T153152_T18NUK,0.033705417
717,20230615T153621_20230615T153622_T18NUJ,0.13064595
718,20230615T153621_20230615T153622_T18NUK,0.04605136
719,20230617T152639_20230617T152917_T18NUJ,0.032647513
720,20230617T152639_20230617T152917_T18NUK,0.001732184
721,20230620T153619_20230620T153915_T18NUJ,0.7486348
722,20230620T153619_20230620T153915_T18NUK,0.25281912
723,20230622T152641_20230622T153155_T18NUJ,0.0014423891
724,20230622T152641_20230622T153155_T18NUK,2.6338995e-07
725,20230625T153621_20230625T154200_T18NUJ,0.15576538
726,20230625T153621_20230625T154200_T18NUK,0.050737727
727,20230627T152639_20230627T152924_T18NUJ,0.003672907
728,20230627T152639_20230627T152924_T18NUK,0.0035090784
729,20230630T153629_20230630T153623_T18NUJ,0.10428121
730,20230630T153629_20230630T153623_T18NUK,0.0014452864
731,20230702T152641_20230702T152642_T18NUJ,0.0051488783
732,20230702T152641_20230702T152642_T18NUK,0.00039126576
733,20230705T153621_20230705T153623_T18NUJ,0.14602977
734,20230705T153621_20230705T153623_T18NUK,0.09671784
735,20230707T152649_20230707T152940_T18NUJ,3.6874592e-06
736,20230707T152649_20230707T152940_T18NUK,2.3705095e-06
737,20230710T153619_20230710T153857_T18NUJ,0.059298493
738,20230710T153619_20230710T153857_T18NUK,0.011737578
739,20230712T152641_20230712T152907_T18NUJ,0.0
740,20230712T152641_20230712T152907_T18NUK,0.0
741,20230715T153621_20230715T153622_T18NUJ,0.43130398
742,20230715T153621_20230715T153622_T18NUK,0.18357205
743,20230717T152649_20230717T152813_T18NUJ,0.0
744,20230717T152649_20230717T152813_T18NUK,0.0
745,20230720T153629_20230720T153804_T18NUJ,0.88948053
746,20230720T153629_20230720T153804_T18NUK,0.32346287
747,20230722T152641_20230722T152642_T18NUJ,0.14191377
748,20230722T152641_20230722T152642_T18NUK,0.025003344
749,20230725T153621_20230725T154024_T18NUJ,0.0016577763
750,20230725T153621_20230725T154024_T18NUK,6.8744775e-05
751,20230727T152649_20230727T152643_T18NUJ,0.0247389
752,20230727T152649_20230727T152643_T18NUK,2.1071196e-06
753,20230730T153629_20230730T153808_T18NUJ,0.005129256
754,20230730T153629_20230730T153808_T18NUK,0.000117998694
755,20230801T152641_20230801T153142_T18NUJ,0.00034899166
756,20230801T152641_20230801T153142_T18NUK,0.000120500896
757,20230804T153621_20230804T153815_T18NUJ,0.4964668
758,20230804T153621_20230804T153815_T18NUK,0.15796344
759,20230806T152649_20230806T152835_T18NUJ,0.0
760,20230806T152649_20230806T152835_T18NUK,0.0
761,20230809T153629_20230809T153753_T18NUJ,0.010082171
762,20230809T153629_20230809T153753_T18NUK,3.92451e-05
763,20230811T152641_20230811T152859_T18NUJ,0.0035788766
764,20230811T152641_20230811T152859_T18NUK,0.0009917949
765,20230814T153621_20230814T153713_T18NUJ,0.16292769
766,20230814T153621_20230814T153713_T18NUK,0.1672879
767,20230816T152649_20230816T152643_T18NUJ,0.11920298
768,20230816T152649_20230816T152643_T18NUK,0.019379113
769,20230819T153629_20230819T153927_T18NUJ,0.4808344
770,20230819T153629_20230819T153927_T18NUK,0.1982852
771,20230821T152641_20230821T152644_T18NUJ,0.0
772,20230821T152641_20230821T152644_T18NUK,0.00010443411
773,20230824T153621_20230824T153624_T18NUJ,0.10275803
774,20230824T153621_20230824T153624_T18NUK,0.027737923
775,20230826T152639_20230826T153029_T18NUJ,0.14168423
776,20230826T152639_20230826T153029_T18NUK,0.025410281
777,20230829T153619_20230829T153712_T18NUJ,0.795223
778,20230829T153619_20230829T153712_T18NUK,0.28892857
779,20230831T152641_20230831T152943_T18NUJ,0.0
780,20230831T152641_20230831T152943_T18NUK,0.0
781,20230903T153621_20230903T154054_T18NUJ,0.040649366
782,20230903T153621_20230903T154054_T18NUK,0.037766628
783,20230905T152639_20230905T152754_T18NUJ,0.09092444
784,20230905T152639_20230905T152754_T18NUK,0.024209946
785,20230908T153619_20230908T153756_T18NUJ,0.18702693
786,20230908T153619_20230908T153756_T18NUK,0.08333085
787,20230910T152641_20230910T152643_T18NUJ,0.0
788,20230910T152641_20230910T152643_T18NUK,0.0
789,20230913T153621_20230913T153622_T18NUJ,0.6852329
790,20230913T153621_20230913T153622_T18NUK,0.259511
791,20230915T152639_20230915T153157_T18NUJ,0.0256821
792,20230915T152639_20230915T153157_T18NUK,0.0025841845
793,20230918T153619_20230918T153621_T18NUJ,0.24276097
794,20230918T153619_20230918T153621_T18NUK,0.05060998
795,20230920T152641_20230920T153034_T18NUJ,0.040416658
796,20230920T152641_20230920T153034_T18NUK,0.016574273
797,20230923T153621_20230923T153710_T18NUJ,0.44667715
798,20230923T153621_20230923T153710_T18NUK,0.1405691
799,20230925T152639_20230925T152746_T18NUJ,0.0
800,20230925T152639_20230925T152746_T18NUK,0.0
801,20230928T153619_20230928T153620_T18NUJ,0.0
802,20230928T153619_20230928T153620_T18NUK,0.0
803,20230930T152641_20230930T152640_T18NUJ,0.1417169
804,20230930T152641_20230930T152640_T18NUK,0.028215317
805,20231003T153621_20231003T154151_T18NUJ,0.00019780584
806,20231003T153621_20231003T154151_T18NUK,0.0004311035
807,20231005T152639_20231005T152742_T18NUJ,7.664647e-05
808,20231005T152639_20231005T152742_T18NUK,0.0002277006
809,20231008T153619_20231008T153618_T18NUJ,0.00023277086
810,20231008T153619_20231008T153618_T18NUK,0.000103578095
811,20231010T152641_20231010T152936_T18NUJ,0.093705185
812,20231010T152641_20231010T152936_T18NUK,0.015030544
813,20231013T153621_20231013T153808_T18NUJ,0.40898657
814,20231013T153621_20231013T153808_T18NUK,0.14042707
815,20231015T152639_20231015T152640_T18NUJ,0.08057875
816,20231015T152639_20231015T152640_T18NUK,0.010614285
817,20231018T153619_20231018T154137_T18NUJ,0.2718759
818,20231018T153619_20231018T154137_T18NUK,0.0838976
819,20231020T152651_20231020T152652_T18NUJ,0.0
820,20231020T152651_20231020T152652_T18NUK,0.0
821,20231023T153631_20231023T154139_T18NUJ,0.2973887
822,20231023T153631_20231023T154139_T18NUK,0.23897797
823,20231025T152639_20231025T152815_T18NUJ,0.044671923
824,20231025T152639_20231025T152815_T18NUK,0.0015323368
825,20231028T153629_20231028T154154_T18NUJ,5.531189e-06
826,20231028T153629_20231028T154154_T18NUK,0.0
827,20231030T152651_20231030T152652_T18NUJ,0.022118894
828,20231030T152651_20231030T152652_T18NUK,0.0
829,20231102T153621_20231102T153624_T18NUJ,4.2800864e-05
830,20231102T153621_20231102T153624_T18NUK,0.0
831,20231104T152639_20231104T153100_T18NUJ,0.078777425
832,20231104T152639_20231104T153100_T18NUK,0.002945819
833,20231107T153619_20231107T153652_T18NUJ,0.046876036
834,20231107T153619_20231107T153652_T18NUK,0.025525382
835,20231109T152651_20231109T152652_T18NUJ,0.00355932
836,20231109T152651_20231109T152652_T18NUK,0.0
837,20231112T153621_20231112T153624_T18NUJ,0.1422419
838,20231112T153621_20231112T153624_T18NUK,0.02002297
839,20231114T152649_20231114T152652_T18NUJ,0.07889958
840,20231114T152649_20231114T152652_T18NUK,0.014714344
841,20231117T153629_20231117T153623_T18NUJ,0.011083975
842,20231117T153629_20231117T153623_T18NUK,0.011917275
843,20231119T152651_20231119T152830_T18NUJ,0.0
844,20231119T152651_20231119T152830_T18NUK,0.0
845,20231122T153621_20231122T153621_T18NUJ,0.16583867
846,20231122T153621_20231122T153621_T18NUK,0.031089364
847,20231124T152649_20231124T153107_T18NUJ,4.029866e-05
848,20231124T152649_20231124T153107_T18NUK,0.0
849,20231127T153619_20231127T153621_T18NUJ,0.61619544
850,20231127T153619_20231127T153621_T18NUK,0.21457897
851,20231129T152641_20231129T152923_T18NUJ,0.0
852,20231129T152641_20231129T152923_T18NUK,0.0
853,20231202T153621_20231202T153653_T18NUJ,0.12310095
854,20231202T153621_20231202T153653_T18NUK,0.03172222
855,20231207T153619_20231207T153657_T18NUJ,0.14158869
856,20231207T153619_20231207T153657_T18NUK,0.06978101
857,20231209T152651_20231209T152926_T18NUJ,0.014128039
858,20231209T152651_20231209T152926_T18NUK,0.0054043666
859,20231212T153621_20231212T153710_T18NUJ,0.0058699083
860,20231212T153621_20231212T153710_T18NUK,0.0026523366
861,20231214T152649_20231214T153149_T18NUJ,0.020046081
862,20231214T152649_20231214T153149_T18NUK,0.0
863,20231217T153629_20231217T153625_T18NUJ,0.00012352988
864,20231217T153629_20231217T153625_T18NUK,0.00021400432
865,20231219T152651_20231219T152927_T18NUJ,0.06539057
866,20231219T152651_20231219T152927_T18NUK,0.012556918
867,20231222T153621_20231222T153715_T18NUJ,0.009825498
868,20231222T153621_20231222T153715_T18NUK,0.0007426938
869,20231224T152659_20231224T152653_T18NUJ,0.08655619
870,20231224T152659_20231224T152653_T18NUK,0.008854511
871,20231227T153629_20231227T153626_T18NUJ,0.004626905
872,20231227T153629_20231227T153626_T18NUK,0.0017998093
873,20231229T152651_20231229T152928_T18NUJ,0.08744177
874,20231229T152651_20231229T152928_T18NUK,5.465341e-06
875,20240101T153621_20240101T153712_T18NUJ,0.109614134
876,20240101T153621_20240101T153712_T18NUK,0.019246824
877,20240103T152649_20240103T152652_T18NUJ,0.13848647
878,20240103T152649_20240103T152652_T18NUK,0.023168042
879,20240106T153629_20240106T153624_T18NUJ,0.63904977
880,20240106T153629_20240106T153624_T18NUK,0.22830409
881,20240108T152651_20240108T152927_T18NUJ,0.13054593
882,20240108T152651_20240108T152927_T18NUK,0.020253435
883,20240111T153621_20240111T153700_T18NUJ,0.29701844
884,20240111T153621_20240111T153700_T18NUK,0.060584165
885,20240113T152649_20240113T152650_T18NUJ,0.026019765
886,20240113T152649_20240113T152650_T18NUK,0.002185149
887,20240116T153629_20240116T153624_T18NUJ,0.47491378
888,20240116T153629_20240116T153624_T18NUK,0.18340763
889,20240118T152641_20240118T152922_T18NUJ,0.075535424
890,20240118T152641_20240118T152922_T18NUK,0.0045953644
891,20240121T153621_20240121T153657_T18NUJ,0.031340174
892,20240121T153621_20240121T153657_T18NUK,0.020260217
893,20240123T152649_20240123T152651_T18NUJ,0.122262515
894,20240123T152649_20240123T152651_T18NUK,0.015783444
895,20240126T153629_20240126T153623_T18NUJ,0.6469342
896,20240126T153629_20240126T153623_T18NUK,0.19942774
897,20240128T152651_20240128T152904_T18NUJ,0.009044679
898,20240128T152651_20240128T152904_T18NUK,0.0054938532
899,20240131T153621_20240131T153643_T18NUJ,0.544874
900,20240131T153621_20240131T153643_T18NUK,0.15654819
901,20240202T152649_20240202T152649_T18NUJ,0.0
902,20240202T152649_20240202T152649_T18NUK,0.0
903,20240205T153629_20240205T153624_T18NUJ,1.1325767e-05
904,20240205T153629_20240205T153624_T18NUK,0.00011286259
905,20240207T152651_20240207T152825_T18NUJ,0.0919543
906,20240207T152651_20240207T152825_T18NUK,0.011145938
907,20240210T153621_20240210T153622_T18NUJ,0.124811605
908,20240210T153621_20240210T153622_T18NUK,0.06184896
909,20240212T152659_20240212T152653_T18NUJ,0.08821535
910,20240212T152659_20240212T152653_T18NUK,0.014340989
911,20240215T153629_20240215T153626_T18NUJ,0.7278025
912,20240215T153629_20240215T153626_T18NUK,0.20465247
913,20240217T152651_20240217T152722_T18NUJ,0.0009935069
914,20240217T152651_20240217T152722_T18NUK,0.0
915,20240220T153621_20240220T153623_T18NUJ,0.50465846
916,20240220T153621_20240220T153623_T18NUK,0.19655988
917,20240222T152649_20240222T153151_T18NUJ,0.12508045
918,20240222T152649_20240222T153151_T18NUK,0.018978167
919,20240225T153629_20240225T153805_T18NUJ,0.6026971
920,20240225T153629_20240225T153805_T18NUK,0.24834274
921,20240227T152651_20240227T152652_T18NUJ,0.0056792796
922,20240227T152651_20240227T152652_T18NUK,1.0535598e-06
923,20240301T153631_20240301T153625_T18NUJ,0.032028876
924,20240301T153631_20240301T153625_T18NUK,0.07044298
925,20240303T152649_20240303T153133_T18NUJ,0.05313431
926,20240303T152649_20240303T153133_T18NUK,0.0075324913
927,20240306T153619_20240306T153619_T18NUJ,0.1838097
928,20240306T153619_20240306T153619_T18NUK,0.12733264
929,20240308T152651_20240308T152653_T18NUJ,0.03981251
930,20240308T152651_20240308T152653_T18NUK,0.014216735
931,20240311T153631_20240311T153625_T18NUJ,0.0
932,20240311T153631_20240311T153625_T18NUK,0.0
933,20240313T152649_20240313T153022_T18NUJ,0.09805559
934,20240313T152649_20240313T153022_T18NUK,0.010944971
935,20240316T153629_20240316T153623_T18NUJ,0.66994816
936,20240316T153629_20240316T153623_T18NUK,0.20750761
937,20240318T152651_20240318T153145_T18NUJ,0.13258009
938,20240318T152651_20240318T153145_T18NUK,0.028774692
939,20240321T153631_20240321T153626_T18NUJ,0.016363034
940,20240321T153631_20240321T153626_T18NUK,0.012248357
941,20240323T152649_20240323T152652_T18NUJ,0.0
942,20240323T152649_20240323T152652_T18NUK,0.0
943,20240326T153629_20240326T153625_T18NUJ,0.41717425
944,20240326T153629_20240326T153625_T18NUK,0.17327304
945,20240328T152651_20240328T153032_T18NUJ,0.059107795
946,20240328T152651_20240328T153032_T18NUK,0.0019503366
947,20240331T153621_20240331T153906_T18NUJ,0.0010457239
948,20240331T153621_20240331T153906_T18NUK,2.6338994e-06
949,20240402T152649_20240402T152907_T18NUJ,2.6338995e-07
950,20240402T152649_20240402T152907_T18NUK,0.0
951,20240405T153629_20240405T153739_T18NUJ,0.13300414
952,20240405T153629_20240405T153739_T18NUK,0.109539725
953,20240407T152651_20240407T152651_T18NUJ,0.059903167
954,20240407T152651_20240407T152651_T18NUK,7.901698e-07
955,20240410T153631_20240410T153706_T18NUJ,0.5620003
956,20240410T153631_20240410T153706_T18NUK,0.14996995
957,20240412T152649_20240412T152656_T18NUJ,0.1474773
958,20240412T152649_20240412T152656_T18NUK,0.027116982
959,20240415T153629_20240415T153626_T18NUJ,0.18794775
960,20240415T153629_20240415T153626_T18NUK,0.07115242
961,20240420T153631_20240420T153628_T18NUJ,0.19397418
962,20240420T153631_20240420T153628_T18NUK,0.11999986
963,20240422T152649_20240422T152652_T18NUJ,0.0
964,20240422T152649_20240422T152652_T18NUK,0.0
965,20240425T153629_20240425T153623_T18NUJ,0.11509626
966,20240425T153629_20240425T153623_T18NUK,0.08339156
967,20240427T152701_20240427T152829_T18NUJ,0.0
968,20240427T152701_20240427T152829_T18NUK,0.0
969,20240430T153631_20240430T153628_T18NUJ,0.5495636
970,20240430T153631_20240430T153628_T18NUK,0.15034705
971,20240502T152649_20240502T153057_T18NUJ,0.05279164
972,20240502T152649_20240502T153057_T18NUK,0.0013611333
973,20240505T153629_20240505T153626_T18NUJ,0.018753035
974,20240505T153629_20240505T153626_T18NUK,0.0
975,20240507T152701_20240507T152655_T18NUJ,0.032541104
976,20240507T152701_20240507T152655_T18NUK,0.008870512
977,20240510T153631_20240510T154153_T18NUJ,0.092557594
978,20240510T153631_20240510T154153_T18NUK,0.056120034
979,20240512T152649_20240512T152652_T18NUJ,0.0
980,20240512T152649_20240512T152652_T18NUK,0.0
981,20240515T153629_20240515T153623_T18NUJ,0.0
982,20240515T153629_20240515T153623_T18NUK,0.0
983,20240515T153629_20240515T154158_T18NUJ,7.506613e-06
984,20240515T153629_20240515T154158_T18NUK,1.2774412e-05
985,20240517T152651_20240517T152654_T18NUJ,0.00777909
986,20240517T152651_20240517T152654_T18NUK,0.0013903038
987,20240520T153631_20240520T153626_T18NUJ,0.024682008
988,20240520T153631_20240520T153626_T18NUK,9.3766816e-05
989,20240522T152649_20240522T152652_T18NUJ,0.023147827
990,20240522T152649_20240522T152652_T18NUK,0.0064815655
991,20240525T153629_20240525T154157_T18NUJ,0.004104274
992,20240525T153629_20240525T154157_T18NUK,0.003096083
993,20240527T152651_20240527T152653_T18NUJ,0.0
994,20240527T152651_20240527T152653_T18NUK,0.0
995,20240530T153631_20240530T154156_T18NUJ,0.37494156
996,20240530T153631_20240530T154156_T18NUK,0.22745684
997,20240601T152659_20240601T152653_T18NUJ,0.124838404
998,20240601T152659_20240601T152653_T18NUK,0.020138795
999,20240604T153629_20240604T153920_T18NUJ,0.00014137455
1000,20240604T153629_20240604T153920_T18NUK,0.0
1001,20240606T152701_20240606T152658_T18NUJ,1.5803396e-06
1002,20240606T152701_20240606T152658_T18NUK,0.00039166084
1003,20240609T153631_20240609T153631_T18NUJ,0.24714161
1004,20240609T153631_20240609T153631_T18NUK,0.065038614
1005,20240611T152659_20240611T152916_T18NUJ,6.9008165e-05
1006,20240611T152659_20240611T152916_T18NUK,3.4240693e-06
1007,20240614T153629_20240614T153628_T18NUJ,0.0842003
1008,20240614T153629_20240614T153628_T18NUK,0.057969492
1009,20240616T152701_20240616T152810_T18NUJ,0.0
1010,20240616T152701_20240616T152810_T18NUK,0.0
1011,20240619T153631_20240619T153630_T18NUJ,0.0
1012,20240619T153631_20240619T153630_T18NUK,0.0
1013,20240621T152659_20240621T152654_T18NUJ,0.0
1014,20240621T152659_20240621T152654_T18NUK,0.0
1015,20240624T153629_20240624T153744_T18NUJ,0.3085493
1016,20240624T153629_20240624T153744_T18NUK,0.12967364
1017,20240629T153631_20240629T153628_T18NUJ,0.459243
1018,20240629T153631_20240629T153628_T18NUK,0.18979102
1019,20240701T152659_20240701T153206_T18NUJ,0.03379609
1020,20240701T152659_20240701T153206_T18NUK,0.007414361
1021,20240704T153629_20240704T153628_T18NUJ,0.0017786064
1022,20240704T153629_20240704T153628_T18NUK,0.0002947992
1023,20240706T152701_20240706T152656_T18NUJ,0.04354428
1024,20240706T152701_20240706T152656_T18NUK,0.010267005
1025,20240709T153631_20240709T153628_T18NUJ,0.0
1026,20240709T153631_20240709T153628_T18NUK,0.0
1027,20240711T152659_20240711T152947_T18NUJ,0.08155876
1028,20240711T152659_20240711T152947_T18NUK,0.012065696
1029,20240714T153629_20240714T153628_T18NUJ,0.46315205
1030,20240714T153629_20240714T153628_T18NUK,0.10871268
1031,20240716T152651_20240716T152653_T18NUJ,0.11667463
1032,20240716T152651_20240716T152653_T18NUK,0.016240295
1033,20240719T153631_20240719T154010_T18NUJ,0.5473533
1034,20240719T153631_20240719T154010_T18NUK,0.17551786
1035,20240721T152659_20240721T152655_T18NUJ,0.031280253
1036,20240721T152659_20240721T152655_T18NUK,0.0036031744
1037,20240724T153629_20240724T153823_T18NUJ,0.07664851
1038,20240724T153629_20240724T153823_T18NUK,0.014029333
1039,20240726T152701_20240726T153147_T18NUJ,0.0
1040,20240726T152701_20240726T153147_T18NUK,0.0
1041,20240729T153631_20240729T153708_T18NUJ,0.8900442
1042,20240729T153631_20240729T153708_T18NUK,0.34434652
1043,20240731T152659_20240731T152653_T18NUJ,0.0
1044,20240731T152659_20240731T152653_T18NUK,0.0
1045,20240805T152651_20240805T152654_T18NUJ,0.0
1046,20240805T152651_20240805T152654_T18NUK,0.0
1047,20240808T153631_20240808T153803_T18NUJ,0.28657636
1048,20240808T153631_20240808T153803_T18NUK,0.097302034
1049,20240810T152659_20240810T152656_T18NUJ,7.3090705e-05
1050,20240810T152659_20240810T152656_T18NUK,0.00061455456
1051,20240813T153629_20240813T153629_T18NUJ,0.16369362
1052,20240813T153629_20240813T153629_T18NUK,0.085960664
1053,20240815T152651_20240815T152653_T18NUJ,0.07837477
1054,20240815T152651_20240815T152653_T18NUK,0.019181306
1055,20240818T153631_20240818T153625_T18NUJ,0.87242174
1056,20240818T153631_20240818T153625_T18NUK,0.30445242
1057,20240820T152659_20240820T152910_T18NUJ,0.013773516
1058,20240820T152659_20240820T152910_T18NUK,0.001234772
1059,20240823T153629_20240823T154105_T18NUJ,0.5185397
1060,20240823T153629_20240823T154105_T18NUK,0.19387573
1061,20240825T152651_20240825T152719_T18NUJ,0.0015397776
1062,20240825T152651_20240825T152719_T18NUK,0.0
1063,20240828T153621_20240828T154039_T18NUJ,0.77456677
1064,20240828T153621_20240828T154039_T18NUK,0.24825759
1065,20240830T152659_20240830T152655_T18NUJ,0.15185444
1066,20240830T152659_20240830T152655_T18NUK,0.029263873
1067,20240902T153629_20240902T153628_T18NUJ,0.72753286
1068,20240902T153629_20240902T153628_T18NUK,0.27860254
1069,20240904T152651_20240904T152652_T18NUJ,0.13800849
1070,20240904T152651_20240904T152652_T18NUK,0.0239779
1071,20240907T153631_20240907T153705_T18NUJ,0.02519845
1072,20240907T153631_20240907T153705_T18NUK,0.0
1073,20240909T152659_20240909T152654_T18NUJ,0.0041643265
1074,20240909T152659_20240909T152654_T18NUK,0.0
1075,20240912T153629_20240912T153626_T18NUJ,0.51910704
1076,20240912T153629_20240912T153626_T18NUK,0.19488387
1077,20240914T152651_20240914T152745_T18NUJ,0.10221452
1078,20240914T152651_20240914T152745_T18NUK,0.0154467
1079,20240917T153631_20240917T154016_T18NUJ,0.78533435
1080,20240917T153631_20240917T154016_T18NUK,0.23150389
1081,20240919T152649_20240919T152647_T18NUJ,0.0
1082,20240919T152649_20240919T152647_T18NUK,0.0
1083,20240922T153619_20240922T153622_T18NUJ,0.17175032
1084,20240922T153619_20240922T153622_T18NUK,0.15621163
1085,20240924T152651_20240924T152654_T18NUJ,0.12824476
1086,20240924T152651_20240924T152654_T18NUK,0.025500689
1087,20240927T153631_20240927T153627_T18NUJ,0.14963314
1088,20240927T153631_20240927T153627_T18NUK,0.045413826
1089,20240929T152659_20240929T152653_T18NUJ,0.046415824
1090,20240929T152659_20240929T152653_T18NUK,0.0061263843
1091,20241002T153629_20241002T153644_T18NUJ,0.61329556
1092,20241002T153629_20241002T153644_T18NUK,0.22166963
1093,20241004T152651_20241004T152653_T18NUJ,8.151919e-05
1094,20241004T152651_20241004T152653_T18NUK,0.0
1095,20241007T153621_20241007T153624_T18NUJ,0.021311406
1096,20241007T153621_20241007T153624_T18NUK,0.0060639605
1097,20241009T152649_20241009T152650_T18NUJ,0.075625904
1098,20241009T152649_20241009T152650_T18NUK,0.014720139
1099,20241012T153629_20241012T154017_T18NUJ,0.60327536
1100,20241012T153629_20241012T154017_T18NUK,0.21871822
1101,20241014T152651_20241014T152651_T18NUJ,0.11538086
1102,20241014T152651_20241014T152651_T18NUK,0.021544902
1103,20241017T153631_20241017T153625_T18NUJ,0.6075406
1104,20241017T153631_20241017T153625_T18NUK,0.22062364
1105,20241019T152659_20241019T152845_T18NUJ,0.0
1106,20241019T152659_20241019T152845_T18NUK,0.0
1107,20241022T153629_20241022T153818_T18NUJ,0.21129385
1108,20241022T153629_20241022T153818_T18NUK,0.032218054
1109,20241024T152651_20241024T152732_T18NUJ,0.079247445
1110,20241024T152651_20241024T152732_T18NUK,0.012866665
1111,20241027T153631_20241027T153626_T18NUJ,5.2677988e-06
1112,20241027T153631_20241027T153626_T18NUK,5.2677988e-06
1113,20241029T152649_20241029T152652_T18NUJ,0.011203357
1114,20241029T152649_20241029T152652_T18NUK,0.011534504
1115,20241101T153629_20241101T153946_T18NUJ,0.0
1116,20241101T153629_20241101T153946_T18NUK,0.0
1117,20241103T152651_20241103T152930_T18NUJ,0.0
1118,20241103T152651_20241103T152930_T18NUK,0.0
1119,20241106T153621_20241106T153639_T18NUJ,0.7063862
1120,20241106T153621_20241106T153639_T18NUK,0.23745024
1121,20241108T152649_20241108T152645_T18NUJ,0.0
1122,20241108T152649_20241108T152645_T18NUK,0.0
1123,20241111T153619_20241111T153851_T18NUJ,0.0008378434
1124,20241111T153619_20241111T153851_T18NUK,0.00047502376
1125,20241113T152651_20241113T152912_T18NUJ,0.06490685
1126,20241113T152651_20241113T152912_T18NUK,0.016211256
1127,20241116T153631_20241116T153705_T18NUJ,0.05714475
1128,20241116T153631_20241116T153705_T18NUK,0.026533244
1129,20241118T152649_20241118T152651_T18NUJ,0.056863714
1130,20241118T152649_20241118T152651_T18NUK,0.007310322
1131,20241121T153629_20241121T153625_T18NUJ,6.6769346e-05
1132,20241121T153629_20241121T153625_T18NUK,6.8481386e-06
1133,20241123T152651_20241123T152930_T18NUJ,0.030137537
1134,20241123T152651_20241123T152930_T18NUK,0.00030362274
1135,20241126T153621_20241126T153659_T18NUJ,0.29158774
1136,20241126T153621_20241126T153659_T18NUK,0.11739546
1137,20241128T152659_20241128T152654_T18NUJ,0.07063947
1138,20241128T152659_20241128T152654_T18NUK,0.021560112
1139,20241201T153629_20241201T153626_T18NUJ,0.5215331
1140,20241201T153629_20241201T153626_T18NUK,0.16247004
1141,20241203T152651_20241203T152932_T18NUJ,0.012231565
1142,20241203T152651_20241203T152932_T18NUK,0.0004021306
1143,20241206T153631_20241206T153702_T18NUJ,0.045431934
1144,20241206T153631_20241206T153702_T18NUK,0.01066242
1145,20241208T152659_20241208T152653_T18NUJ,0.091843285
1146,20241208T152659_20241208T152653_T18NUK,0.017054433
1147,20241211T153629_20241211T153626_T18NUJ,0.42387244
1148,20241211T153629_20241211T153626_T18NUK,0.18017669
1149,20241213T152651_20241213T152932_T18NUJ,0.0
1150,20241213T152651_20241213T152932_T18NUK,0.0
1151,20241213T152721_20241213T152857_T18NUJ,0.0
1152,20241213T152721_20241213T152857_T18NUK,0.0
1153,20241216T153631_20241216T153719_T18NUJ,0.32336244
1154,20241216T153631_20241216T153719_T18NUK,0.12203975
1155,20241218T152659_20241218T152653_T18NUJ,0.049905084
1156,20241218T152659_20241218T152653_T18NUK,0.01386906
1157,20241221T153629_20241221T153857_T18NUJ,0.053448733
1158,20241221T153629_20241221T153857_T18NUK,2.1071196e-06
1159,20241223T152651_20241223T152932_T18NUJ,0.0051417006
1160,20241223T152651_20241223T152932_T18NUK,0.0
1161,20241226T153631_20241226T153724_T18NUJ,0.049626548
1162,20241226T153631_20241226T153724_T18NUK,0.02628467
1163,20241228T152659_20241228T152940_T18NUJ,0.0
1164,20241228T152659_20241228T152940_T18NUK,0.0
1165,20241231T153629_20241231T154100_T18NUJ,0.11179079
1166,20241231T153629_20241231T154100_T18NUK,0.04652
1167,20250102T152651_20250102T152927_T18NUJ,0.0
1168,20250102T152651_20250102T152927_T18NUK,0.0001712693
1169,20250105T153621_20250105T153706_T18NUJ,0.000106607076
1170,20250105T153621_20250105T153706_T18NUK,0.0008225009
1171,20250107T152649_20250107T152652_T18NUJ,0.036858987
1172,20250107T152649_20250107T152652_T18NUK,0.014497904
1173,20250110T153629_20250110T153933_T18NUJ,0.4541383
1174,20250110T153629_20250110T153933_T18NUK,0.19231106
1175,20250112T152651_20250112T152928_T18NUJ,0.08732088
1176,20250112T152651_20250112T152928_T18NUK,0.012749917
1177,20250115T153621_20250115T153659_T18NUJ,0.30406064
1178,20250115T153621_20250115T153659_T18NUK,0.089230254
1179,20250117T152649_20250117T152912_T18NUJ,0.06881549
1180,20250117T152649_20250117T152912_T18NUK,0.004607941
1181,20250120T153629_20250120T153947_T18NUJ,0.5657984
1182,20250120T153629_20250120T153947_T18NUK,0.17663653
1183,20250122T152721_20250122T152858_T18NUJ,0.11813025
1184,20250122T152721_20250122T152858_T18NUK,0.021285923
1185,20250125T153651_20250125T153653_T18NUJ,0.064122014
1186,20250125T153651_20250125T153653_T18NUK,0.022735687
1187,20250127T152659_20250127T152654_T18NUJ,0.006389642
1188,20250127T152659_20250127T152654_T18NUK,0.0
1189,20250130T153629_20250130T153627_T18NUJ,0.56820595
1190,20250130T153629_20250130T153627_T18NUK,0.17510083
1191,20250201T152721_20250201T152824_T18NUJ,0.030431679
1192,20250201T152721_20250201T152824_T18NUK,3.977188e-05
1193,20250204T153651_20250204T153652_T18NUJ,0.00023046619
1194,20250204T153651_20250204T153652_T18NUK,0.0
1195,20250206T152659_20250206T152653_T18NUJ,0.0
1196,20250206T152659_20250206T152653_T18NUK,0.0
1197,20250209T153629_20250209T153628_T18NUJ,0.0043923566
1198,20250209T153629_20250209T153628_T18NUK,0.0
1199,20250211T152721_20250211T152718_T18NUJ,0.0
1200,20250211T152721_20250211T152718_T18NUK,0.0
1201,20250214T153651_20250214T154105_T18NUJ,0.018929638
1202,20250214T153651_20250214T154105_T18NUK,0.018598622
1203,20250216T152659_20250216T152657_T18NUJ,7.901698e-07
1204,20250216T152659_20250216T152657_T18NUK,1.8437296e-06
1205,20250219T153629_20250219T153630_T18NUJ,0.29731995
1206,20250219T153629_20250219T153630_T18NUK,0.07819764
1207,20250221T152711_20250221T152728_T18NUJ,0.0
1208,20250221T152711_20250221T152728_T18NUK,0.0
1209,20250224T153651_20250224T153649_T18NUJ,0.20317215
1210,20250224T153651_20250224T153649_T18NUK,0.08073823
1211,20250226T152659_20250226T153202_T18NUJ,0.037792243
1212,20250226T152659_20250226T153202_T18NUK,0.0053786202
1213,20250301T153629_20250301T153628_T18NUJ,0.3050201
1214,20250301T153629_20250301T153628_T18NUK,0.13542806
1215,20250303T152721_20250303T153140_T18NUJ,0.04291564
1216,20250303T152721_20250303T153140_T18NUK,0.00755725
1217,20250306T153651_20250306T153837_T18NUJ,0.0001964889
1218,20250306T153651_20250306T153837_T18NUK,0.00031738487
1219,20250308T152659_20250308T152745_T18NUJ,0.0
1220,20250308T152659_20250308T152745_T18NUK,0.0
1221,20250311T153629_20250311T153627_T18NUJ,0.20627199
1222,20250311T153629_20250311T153627_T18NUK,0.060419083
1223,20250315T152711_20250315T152705_T18NUJ,0.037175052
1224,20250315T152711_20250315T152705_T18NUK,0.0001912211
1225,20250316T153651_20250316T153920_T18NUJ,0.060883705
1226,20250316T153651_20250316T153920_T18NUK,0.02138588
1227,20250318T152659_20250318T152712_T18NUJ,0.064679086
1228,20250318T152659_20250318T152712_T18NUK,0.0068363515
1229,20250318T154001_20250318T154000_T18NUJ,0.40688965
1230,20250318T154001_20250318T154000_T18NUK,0.21551335
1231,20250323T152721_20250323T153204_T18NUJ,5.267799e-07
1232,20250323T152721_20250323T153204_T18NUK,0.0
1233,20250325T152931_20250325T152930_T18NUJ,0.08009194
1234,20250325T152931_20250325T152930_T18NUK,0.006633278
1235,20250326T153651_20250326T154207_T18NUJ,0.03820787
1236,20250326T153651_20250326T154207_T18NUK,0.028570302
1237,20250328T152659_20250328T152654_T18NUJ,0.034819953
1238,20250328T152659_20250328T152654_T18NUK,0.010129252
1239,20250328T153631_20250328T153633_T18NUJ,0.23299283
1240,20250328T153631_20250328T153633_T18NUK,0.03754518
1241,20250402T152721_20250402T153142_T18NUJ,0.0019033216
1242,20250402T152721_20250402T153142_T18NUK,0.0
1243,20250404T152701_20250404T152704_T18NUJ,0.0
1244,20250404T152701_20250404T152704_T18NUK,0.0
1245,20250405T153651_20250405T154155_T18NUJ,0.6646
1246,20250405T153651_20250405T154155_T18NUK,0.27957144
1247,20250407T152659_20250407T153029_T18NUJ,0.072823696
1248,20250407T152659_20250407T153029_T18NUK,0.009218582
1249,20250407T154001_20250407T154000_T18NUJ,0.39768893
1250,20250407T154001_20250407T154000_T18NUK,0.16994853
1251,20250412T152711_20250412T152718_T18NUJ,0.07960776
1252,20250412T152711_20250412T152718_T18NUK,0.014007735
1253,20250414T152931_20250414T152934_T18NUJ,0.017327568
1254,20250414T152931_20250414T152934_T18NUK,0.010743412
1255,20250415T153651_20250415T153751_T18NUJ,0.50178105
1256,20250415T153651_20250415T153751_T18NUK,0.20141198
1257,20250417T152659_20250417T152654_T18NUJ,0.0009933752
1258,20250417T152659_20250417T152654_T18NUK,7.901698e-07
1259,20250417T153641_20250417T153638_T18NUJ,0.054986995
1260,20250417T153641_20250417T153638_T18NUK,0.023908958
1261,20250420T153629_20250420T153844_T18NUJ,2.436357e-05
1262,20250420T153629_20250420T153844_T18NUK,4.029866e-05
1263,20250422T152711_20250422T152714_T18NUJ,0.0
1264,20250422T152711_20250422T152714_T18NUK,0.0
1265,20250424T152711_20250424T152706_T18NUJ,0.0
1266,20250424T152711_20250424T152706_T18NUK,0.0
1267,20250425T153651_20250425T154031_T18NUJ,4.793697e-05
1268,20250425T153651_20250425T154031_T18NUK,0.0
1269,20250427T152659_20250427T152754_T18NUJ,0.04716945
1270,20250427T152659_20250427T152754_T18NUK,0.0052632554
1271,20250427T154001_20250427T154002_T18NUJ,0.16739188
1272,20250427T154001_20250427T154002_T18NUK,0.091795936
1273,20250502T152711_20250502T152906_T18NUJ,0.005315077
1274,20250502T152711_20250502T152906_T18NUK,5.267799e-07
1275,20250504T152931_20250504T152934_T18NUJ,0.0
1276,20250504T152931_20250504T152934_T18NUK,0.0
1277,20250505T153651_20250505T153646_T18NUJ,3.4504083e-05
1278,20250505T153651_20250505T153646_T18NUK,5.682638e-05
1279,20250507T152659_20250507T152654_T18NUJ,0.0013407207
1280,20250507T152659_20250507T152654_T18NUK,0.00702619
1281,20250507T153641_20250507T153637_T18NUJ,0.17803948
1282,20250507T153641_20250507T153637_T18NUK,0.06794782
1283,20250510T153629_20250510T153626_T18NUJ,0.5728396
1284,20250510T153629_20250510T153626_T18NUK,0.19778168
1285,20250512T152711_20250512T153112_T18NUJ,0.019476566
1286,20250512T152711_20250512T153112_T18NUK,0.009362985
1287,20250514T152711_20250514T152707_T18NUJ,0.07086954
1288,20250514T152711_20250514T152707_T18NUK,0.016156273
1289,20250514T152711_20250514T153224_T18NUJ,0.049040373
1290,20250515T153641_20250515T153826_T18NUJ,0.009191058
1291,20250515T153641_20250515T153826_T18NUK,0.0024789602
1292,20250517T152659_20250517T152653_T18NUJ,0.0
1293,20250517T152659_20250517T152653_T18NUK,0.0
1294,20250517T154001_20250517T154003_T18NUJ,0.0013142499
1295,20250517T154001_20250517T154003_T18NUK,0.0059824414
1296,20250520T153629_20250520T153626_T18NUJ,0.00859764
1297,20250520T153629_20250520T153626_T18NUK,0.036097787
1298,20250520T153629_20250520T154201_T18NUJ,0.5614953
1299,20250520T153629_20250520T154201_T18NUK,0.17621517
1300,20250522T152711_20250522T152834_T18NUJ,0.032142792
1301,20250522T152711_20250522T152834_T18NUK,0.0047156676
1302,20250524T152941_20250524T152938_T18NUJ,0.00020307364
1303,20250524T152941_20250524T152938_T18NUK,0.0095834425
1304,20250525T153651_20250525T153645_T18NUJ,0.033266477
1305,20250525T153651_20250525T153645_T18NUK,0.0042706043
1306,20250527T152659_20250527T152932_T18NUJ,0.05190843
1307,20250527T152659_20250527T152932_T18NUK,0.0077656573
1308,20250527T153641_20250527T154058_T18NUJ,0.3974697
1309,20250527T153641_20250527T154058_T18NUK,0.16500214
1310,20250530T153629_20250530T153626_T18NUJ,0.0014473936
1311,20250530T153629_20250530T153626_T18NUK,0.0010117466
1312,20250601T152711_20250601T152926_T18NUJ,0.0
1313,20250601T152711_20250601T152926_T18NUK,0.0
1314,20250603T152711_20250603T153035_T18NUJ,0.06267449
1315,20250603T152711_20250603T153035_T18NUK,5.267799e-07
1316,20250604T153651_20250604T153646_T18NUJ,0.021887705
1317,20250604T153651_20250604T153646_T18NUK,6.4530536e-06
1318,20250606T152649_20250606T153144_T18NUJ,0.04089919
1319,20250606T152649_20250606T153144_T18NUK,0.002403038
1320,20250606T154001_20250606T154004_T18NUJ,0.3020384
1321,20250606T154001_20250606T154004_T18NUK,0.056789704
1322,20250609T153629_20250609T153624_T18NUJ,0.0001203692
1323,20250609T153629_20250609T153624_T18NUK,0.00016600151
1324,20250611T152711_20250611T152712_T18NUJ,0.028625943
1325,20250611T152711_20250611T152712_T18NUK,0.0016778598
1326,20250613T152941_20250613T152935_T18NUJ,0.0
1327,20250613T152941_20250613T152935_T18NUK,0.0
1328,20250614T153651_20250614T153913_T18NUJ,0.16754787
1329,20250614T153651_20250614T153913_T18NUK,0.13198115
1330,20250616T152649_20250616T152709_T18NUJ,0.0
1331,20250616T152649_20250616T152709_T18NUK,0.0
1332,20250616T153641_20250616T153907_T18NUJ,2.0807805e-05
1333,20250616T153641_20250616T153907_T18NUK,0.0
1334,20250619T153629_20250619T154121_T18NUJ,0.30613694
1335,20250619T153629_20250619T154121_T18NUK,0.042717434
1336,20250621T152711_20250621T152711_T18NUJ,0.021606075
1337,20250621T152711_20250621T152711_T18NUK,0.0
1338,20250623T152711_20250623T152707_T18NUJ,0.0
1339,20250623T152711_20250623T152707_T18NUK,0.0
1340,20250624T153651_20250624T153812_T18NUJ,0.0003494526
1341,20250624T153651_20250624T153812_T18NUK,0.01428818
1342,20250626T152659_20250626T152842_T18NUJ,0.079729125
1343,20250626T152659_20250626T152842_T18NUK,0.0048681046
1344,20250626T154001_20250626T154004_T18NUJ,0.42651898
1345,20250626T154001_20250626T154004_T18NUK,0.10686672
1346,20250629T153629_20250629T153628_T18NUJ,0.19061445
1347,20250629T153629_20250629T153628_T18NUK,0.14109266
1348,20250701T152711_20250701T152728_T18NUJ,0.04804608
1349,20250701T152711_20250701T152728_T18NUK,0.0
1350,20250703T152941_20250703T153033_T18NUJ,0.0057518436
1351,20250703T152941_20250703T153033_T18NUK,0.005553972
1352,20250704T153651_20250704T153756_T18NUJ,0.5590092
1353,20250704T153651_20250704T153756_T18NUK,0.19256583
1354,20250706T152659_20250706T153202_T18NUJ,0.08689056
1355,20250706T152659_20250706T153202_T18NUK,0.021221789
1356,20250706T153641_20250706T153912_T18NUJ,0.37247294
1357,20250706T153641_20250706T153912_T18NUK,0.113041036
1358,20250709T153629_20250709T154037_T18NUJ,0.018605076
1359,20250709T153629_20250709T154037_T18NUK,0.00800442
1360,20250711T152721_20250711T152719_T18NUJ,0.009001548
1361,20250711T152721_20250711T152719_T18NUK,2.6338995e-07
1362,20250713T152711_20250713T152813_T18NUJ,0.085335836
1363,20250713T152711_20250713T152813_T18NUK,0.0063395323
1364,20250714T153651_20250714T153702_T18NUJ,0.45540673
1365,20250714T153651_20250714T153702_T18NUK,0.18823537
1366,20250716T152659_20250716T152724_T18NUJ,0.0
1367,20250716T152659_20250716T152724_T18NUK,0.0
1368,20250716T154011_20250716T154007_T18NUJ,0.014607277
1369,20250716T154011_20250716T154007_T18NUK,0.0
1370,20250719T153629_20250719T153628_T18NUJ,0.00016507965
1371,20250719T153629_20250719T153628_T18NUK,0.0
1372,20250721T152721_20250721T153200_T18NUJ,0.0
1373,20250721T152721_20250721T153200_T18NUK,0.0
1374,20250723T152941_20250723T152940_T18NUJ,0.0
1375,20250723T152941_20250723T152940_T18NUK,0.0
1376,20250724T153651_20250724T153702_T18NUJ,0.70492584
1377,20250724T153651_20250724T153702_T18NUK,0.24533977
1378,20250726T152659_20250726T153109_T18NUJ,0.056028046
1379,20250726T152659_20250726T153109_T18NUK,0.003045512
1380,20250726T153641_20250726T153644_T18NUJ,0.41389903
1381,20250726T153641_20250726T153644_T18NUK,0.14392272
1382,20250729T153629_20250729T154052_T18NUJ,0.16004744
1383,20250729T153629_20250729T154052_T18NUK,0.12585074
1384,20250731T152711_20250731T152713_T18NUJ,0.14755763
1385,20250731T152711_20250731T152713_T18NUK,0.025306834
1386,20250802T152711_20250802T152926_T18NUJ,0.0
1387,20250802T152711_20250802T152926_T18NUK,0.0
1388,20250803T153651_20250803T153913_T18NUJ,0.29068443
1389,20250803T153651_20250803T153913_T18NUK,0.08841447
1390,20250805T152659_20250805T152653_T18NUJ,0.023699498
1391,20250805T152659_20250805T152653_T18NUK,0.0010554035
1392,20250805T154001_20250805T154004_T18NUJ,0.26926506
1393,20250805T154001_20250805T154004_T18NUK,0.059326146
1394,20250808T153629_20250808T154148_T18NUJ,0.17412998
1395,20250808T153629_20250808T154148_T18NUK,0.1182663
1396,20250812T152931_20250812T152934_T18NUJ,0.030732337
1397,20250812T152931_20250812T152934_T18NUK,0.004723767
1398,20250813T153641_20250813T153731_T18NUJ,0.11921108
1399,20250813T153641_20250813T153731_T18NUK,0.062158972
1400,20250815T152659_20250815T153121_T18NUJ,0.0
1401,20250815T152659_20250815T153121_T18NUK,0.0
1402,20250815T153641_20250815T153638_T18NUJ,2.3178314e-05
1403,20250815T153641_20250815T153638_T18NUK,3.1606792e-06
1404,20250818T153629_20250818T153815_T18NUJ,0.15618569
1405,20250818T153629_20250818T153815_T18NUK,0.065967984
1406,20250820T152711_20250820T152849_T18NUJ,0.119627826
1407,20250820T152711_20250820T152849_T18NUK,0.020909408
1408,20250822T152711_20250822T152706_T18NUJ,0.057946775
1409,20250822T152711_20250822T152706_T18NUK,0.012558696
1410,20250823T153651_20250823T153645_T18NUJ,0.15005924
1411,20250823T153651_20250823T153645_T18NUK,0.10401229
1412,20250825T152659_20250825T153030_T18NUJ,0.0
1413,20250825T152659_20250825T153030_T18NUK,0.0
1414,20250825T154001_20250825T154002_T18NUJ,0.00023349519
1415,20250825T154001_20250825T154002_T18NUK,3.4372388e-05
1416,20250828T153629_20250828T153818_T18NUJ,0.118529886
1417,20250828T153629_20250828T153818_T18NUK,0.040797915
1418,20250830T152711_20250830T152711_T18NUJ,0.14369692
1419,20250830T152711_20250830T152711_T18NUK,0.02669299
1420,20250901T152941_20250901T152935_T18NUJ,0.0
1421,20250901T152941_20250901T152935_T18NUK,0.0
1422,20250902T153641_20250902T153643_T18NUJ,0.49934888
1423,20250902T153641_20250902T153643_T18NUK,0.12811004
1424,20250904T152649_20250904T152839_T18NUJ,0.0
1425,20250904T152649_20250904T152839_T18NUK,0.0
1426,20250904T153641_20250904T153900_T18NUJ,0.0
1427,20250904T153641_20250904T153900_T18NUK,0.0
1428,20250907T153629_20250907T153624_T18NUJ,0.0
1429,20250907T153629_20250907T153624_T18NUK,0.0
1430,20250909T152711_20250909T152707_T18NUJ,0.061527956
1431,20250909T152711_20250909T152707_T18NUK,0.012560276
1432,20250911T152701_20250911T152856_T18NUJ,0.0
1433,20250911T152701_20250911T152856_T18NUK,0.0
1434,20250912T153641_20250912T154033_T18NUJ,0.43400717
1435,20250912T153641_20250912T154033_T18NUK,0.13710809
1436,20250914T152649_20250914T153034_T18NUJ,0.08823826
1437,20250914T152649_20250914T153034_T18NUK,0.012764404
1438,20250914T154001_20250914T154001_T18NUJ,0.39190868
1439,20250914T154001_20250914T154001_T18NUK,0.20087263
1440,20250917T153619_20250917T153951_T18NUJ,0.42641678
1441,20250917T153619_20250917T153951_T18NUK,0.13185485
1442,20250919T152711_20250919T152741_T18NUJ,0.028083755
1443,20250919T152711_20250919T152741_T18NUK,0.00022407899
1444,20250921T152941_20250921T152936_T18NUJ,0.07884242
1445,20250921T152941_20250921T152936_T18NUK,0.018902441
1446,20250922T153641_20250922T153639_T18NUJ,0.69776326
1447,20250922T153641_20250922T153639_T18NUK,0.24146806
1448,20250924T152649_20250924T152847_T18NUJ,0.006122631
1449,20250924T152649_20250924T152847_T18NUK,0.00030810037
1450,20250924T153641_20250924T154202_T18NUJ,0.2683918
1451,20250924T153641_20250924T154202_T18NUK,0.025880761
1452,20250927T153629_20250927T153625_T18NUJ,0.020286754
1453,20250927T153629_20250927T153625_T18NUK,0.024252748
1454,20250929T152711_20250929T153102_T18NUJ,0.10056498
1455,20251001T152711_20251001T152708_T18NUJ,0.0
1456,20251001T152711_20251001T152708_T18NUK,0.0
1457,20251002T153641_20251002T153640_T18NUJ,0.43558782
1458,20251002T153641_20251002T153640_T18NUK,0.16200648
1459,20251004T152649_20251004T152652_T18NUJ,2.6338995e-07
1460,20251004T152649_20251004T152652_T18NUK,0.0
1461,20251007T153629_20251007T153855_T18NUJ,0.38149813
1462,20251007T153629_20251007T153855_T18NUK,0.14050056
1463,20251009T152711_20251009T152706_T18NUJ,0.057592977
1464,20251009T152711_20251009T152706_T18NUK,0.012206082
1465,20251011T152941_20251011T152935_T18NUJ,0.017442405
1466,20251011T152941_20251011T152935_T18NUK,0.005953139
1467,20251012T153641_20251012T153637_T18NUJ,8.428478e-06
1468,20251012T153641_20251012T153637_T18NUK,3.4240693e-06
1469,20251014T152649_20251014T152655_T18NUJ,0.037719745
1470,20251014T152649_20251014T152655_T18NUK,0.0
1471,20251017T153629_20251017T153813_T18NUJ,0.17721349
1472,20251017T153629_20251017T153813_T18NUK,0.090144746
1473,20251019T152701_20251019T152813_T18NUJ,0.011890476
1474,20251019T152701_20251019T152813_T18NUK,0.00024185781
1475,20251021T152711_20251021T153101_T18NUJ,0.0018824479
1476,20251021T152711_20251021T153101_T18NUK,0.00021248983
1477,20251022T153641_20251022T154010_T18NUJ,0.010890582
1478,20251022T153641_20251022T154010_T18NUK,0.018178053
1479,20251024T152649_20251024T153148_T18NUJ,0.085600086
1480,20251024T152649_20251024T153148_T18NUK,0.021460682
1481,20251027T153629_20251027T154116_T18NUJ,7.407842e-05
1482,20251027T153629_20251027T154116_T18NUK,0.0
1483,20251029T152711_20251029T152709_T18NUJ,0.0
1484,20251029T152711_20251029T152709_T18NUK,0.0
1485,20251031T152941_20251031T152937_T18NUJ,0.10338114
1486,20251031T152941_20251031T152937_T18NUK,0.013990286
1487,20251101T153641_20251101T153638_T18NUJ,0.19249682
1488,20251101T153641_20251101T153638_T18NUK,0.07941134
1489,20251103T152649_20251103T152743_T18NUJ,0.0
1490,20251103T152649_20251103T152743_T18NUK,0.0
1491,20251106T153619_20251106T153620_T18NUJ,0.0007721276
1492,20251106T153619_20251106T153620_T18NUK,0.0
1493,20251108T152701_20251108T152802_T18NUJ,2.6338995e-07
1494,20251108T152701_20251108T152802_T18NUK,4.9846545e-05
1495,20251110T152711_20251110T152707_T18NUJ,0.013189185
1496,20251110T152711_20251110T152707_T18NUK,0.00753394
1497,20251111T153641_20251111T153635_T18NUJ,0.061791345
1498,20251111T153641_20251111T153635_T18NUK,0.08256656
1499,20251113T152649_20251113T152648_T18NUJ,0.0001856899
1500,20251113T152649_20251113T152648_T18NUK,0.004054098
1501,20251116T153619_20251116T153751_T18NUJ,2.3573399e-05
1502,20251116T153619_20251116T153751_T18NUK,0.0
1503,20251118T152701_20251118T152839_T18NUJ,0.0
1504,20251118T152701_20251118T152839_T18NUK,0.0
1505,20251120T152941_20251120T152937_T18NUJ,0.0041363416
1506,20251120T152941_20251120T152937_T18NUK,0.003024375
1507,20251121T153631_20251121T153648_T18NUJ,0.50214994
1508,20251121T153631_20251121T153648_T18NUK,0.19223383
1509,20251123T152649_20251123T152646_T18NUJ,0.00025160323
1510,20251123T152649_20251123T152646_T18NUK,0.0
1511,20251123T153641_20251123T153714_T18NUJ,7.625139e-05
1512,20251123T153641_20251123T153714_T18NUK,3.5228404e-05
1513,20251126T153619_20251126T153617_T18NUJ,0.43918198
1514,20251126T153619_20251126T153617_T18NUK,0.16224754
1515,20251128T152701_20251128T152701_T18NUJ,0.0
1516,20251128T152701_20251128T152701_T18NUK,0.0
1517,20251128T152701_20251128T153218_T18NUJ,0.0
1518,20251130T152711_20251130T152709_T18NUJ,2.6338995e-07
1519,20251130T152711_20251130T152709_T18NUK,0.0
1520,20251201T153631_20251201T153633_T18NUJ,0.658366
1521,20251201T153631_20251201T153633_T18NUK,0.24129316
1522,20251203T152649_20251203T152647_T18NUJ,0.10583614
1523,20251203T152649_20251203T152647_T18NUK,0.012983544
1524,20251206T153619_20251206T154110_T18NUJ,0.49931905
1525,20251206T153619_20251206T154110_T18NUK,0.19186041
1526,20251208T152701_20251208T152837_T18NUJ,0.16599374
1527,20251208T152701_20251208T152837_T18NUK,0.03471644
1528,20251210T152941_20251210T152935_T18NUJ,0.028425634
1529,20251210T152941_20251210T152935_T18NUK,8.7972236e-05
1530,20251211T153631_20251211T153633_T18NUJ,0.031000732
1531,20251211T153631_20251211T153633_T18NUK,6.3213583e-06
1532,20251213T152649_20251213T152650_T18NUJ,0.07484028
1533,20251213T152649_20251213T152650_T18NUK,0.010934502
1534,20251216T153629_20251216T153623_T18NUJ,0.2606443
1535,20251216T153629_20251216T153623_T18NUK,0.10829113
1536,20251218T152701_20251218T152837_T18NUJ,0.0
1537,20251218T152701_20251218T152837_T18NUK,0.0
1538,20251220T152711_20251220T152709_T18NUJ,0.0
1539,20251220T152711_20251220T152709_T18NUK,0.0
1540,20251221T153631_20251221T153632_T18NUJ,0.04462405
1541,20251221T153631_20251221T153632_T18NUK,0.040808715
1542,20251223T152649_20251223T152651_T18NUJ,0.007428518
1543,20251223T152649_20251223T152651_T18NUK,0.0032211272
1544,20251226T153629_20251226T153624_T18NUJ,0.4109976
1545,20251226T153629_20251226T153624_T18NUK,0.12999545
1546,20251228T152701_20251228T152837_T18NUJ,0.1087117
1547,20251228T152701_20251228T152837_T18NUK,0.022176512
1548,20251230T152941_20251230T152942_T18NUJ,0.04977003
1549,20251230T152941_20251230T152942_T18NUK,0.005450196
1550,20251231T153631_20251231T153632_T18NUJ,0.55013436
1551,20251231T153631_20251231T153632_T18NUK,0.19853853
