clase,variable_meta,n,n_finite,n_nan,n_inf,pct_finite,mean,std,min,p01,p05,p25,median,p75,p95,p99,max,n_zero,n_negative,n_outlier_iqr
contaminacion_alta_NO2,lat,1000,1000,0,0,1.0,3.470440775887497,0.06494694491161704,3.305261256389529,3.3331970650950646,3.372904397283697,3.423030390137543,3.4643528932070216,3.523147628552617,3.583384159929223,3.604852098589101,3.61571901858109,0.0,0.0,0.0
contaminacion_alta_NO2,lon,1000,1000,0,0,1.0,-76.4995716321973,0.04314398128193606,-76.6131783322465,-76.58138695434106,-76.56233817874103,-76.5303536630495,-76.50169740548567,-76.48011538078438,-76.43294035363817,-76.33164542388413,-76.31035624996547,0.0,1000.0,25.0
contaminacion_alta_NO2,ndvi,1000,1000,0,0,1.0,0.3835334604925109,0.1896387185842777,0.033108259076067695,0.08520206103262289,0.11381034862229354,0.2233899865184319,0.3660225521516126,0.5403962071430082,0.6981767886756922,0.7737913536432132,0.8427090752989789,0.0,0.0,0.0
contaminacion_alta_NO2,ndbi,1000,1000,0,0,1.0,-0.03145455679013315,0.1346787610553075,-0.45096695582304813,-0.3515882861628634,-0.2830440495829491,-0.12730811099797176,-0.00880661473257436,0.07598678731049442,0.15079109726322937,0.17624684334255955,0.19862793066771986,0.0,521.0,1.0
contaminacion_alta_NO2,scl_pct,1000,1000,0,0,1.0,0.929677490234375,0.15523372181935918,0.30224609375,0.3339794921875,0.52120361328125,0.9661865234375,1.0,1.0,1.0,1.0,1.0,0.0,0.0,192.0
contaminacion_alta_NO2,no2,1000,1000,0,0,1.0,7.353559537659749e-05,2.1020285586140638e-05,5.2797178796026856e-05,5.297587889799616e-05,5.3794092309544794e-05,5.853683251189068e-05,6.798705726396292e-05,8.032423647819087e-05,0.00011094272012996947,0.00015422507291077632,0.00019098490884061903,0.0,0.0,45.0
contaminacion_alta_NO2,so2,1000,0,1000,0,0.0,,,,,,,,,,,,,,
contaminacion_alta_NO2,o3,1000,0,1000,0,0.0,,,,,,,,,,,,,,
contaminacion_alta_NO2,era5_T2m,1000,1000,0,0,1.0,297.5125356140137,1.9440832096924143,291.964599609375,292.4900817871094,294.8803405761719,296.1243667602539,297.6007080078125,298.7889709472656,301.193603515625,301.91011138916014,303.1817321777344,0.0,0.0,11.0
contaminacion_alta_NO2,era5_Td2m,1000,1000,0,0,1.0,292.48179412841796,1.5573654651218392,288.56011962890625,289.64906127929686,290.26666259765625,291.3522033691406,292.36907958984375,293.4691848754883,295.2743835449219,297.0343969726562,298.4338073730469,0.0,0.0,11.0
contaminacion_alta_NO2,era5_u10,1000,1000,0,0,1.0,0.48723437240719797,0.7266094888356642,-1.2956390380859375,-1.2956390380859375,-0.8620483875274658,-0.10149633884429932,0.5180983543395996,1.0201387405395508,1.5960693359375,1.8724212646484375,1.9433778524398804,0.0,278.0,0.0
contaminacion_alta_NO2,era5_v10,1000,1000,0,0,1.0,-0.9070808064639568,0.4209415212140686,-1.7344653606414795,-1.7010366916656494,-1.5686500549316404,-1.176816999912262,-0.9925599098205566,-0.6417388916015625,-0.1021728515625,-0.0027699875831624157,0.8598976135253906,0.0,990.0,10.0
contaminacion_alta_NO2,era5_BLH,1000,1000,0,0,1.0,699.7164116821289,140.73686454203997,163.2509765625,300.33210052490233,477.291015625,613.5925903320312,705.458251953125,781.1953125,941.935546875,1070.3385009765625,1154.5648193359375,0.0,0.0,40.0
contaminacion_alta_NO2,era5_RH850,1000,1000,0,0,1.0,88.91528485107422,5.362078428285086,51.908485412597656,70.2844987487793,79.34540328979492,86.53272438049316,90.22396850585938,92.86151123046875,95.25951385498047,96.23123168945312,97.80514526367188,0.0,0.0,31.0
contaminacion_alta_NO2,era5_psurf,1000,1000,0,0,1.0,86989.16115625,2085.6803358692673,85093.546875,85140.3125,85189.78125,85345.140625,85892.28125,89448.8984375,90721.3203125,90871.328125,90980.296875,0.0,0.0,0.0
contaminacion_alta_NO2,era5_precip,1000,1000,0,0,1.0,0.00031214430183172225,0.000705507818978424,-9.313225746154785e-10,-9.313225746154785e-10,0.0,2.253800630569458e-06,8.20159912109375e-05,0.00024082721211016178,0.0019998550415039062,0.0032958984375,0.0043496256694197655,160.0,14.0,100.0
contaminacion_alta_NO2,modis_AOD_047,1000,183,817,0,0.183,0.32028415346202627,0.13212131666408725,0.0,0.015579999499022962,0.1034000001847744,0.23149999976158142,0.3240000009536743,0.40150000154972076,0.5468999803066255,0.6393599939346314,0.6570000052452087,2.0,0.0,1.0
contaminacion_alta_NO2,modis_AOD_055,1000,183,817,0,0.183,0.23190710378067741,0.09661889004233723,0.0,0.010660000219941141,0.07420000061392784,0.16649999469518661,0.23499999940395355,0.29200001060962677,0.39720000028610236,0.4663599914312363,0.47999998927116394,2.0,0.0,0.0
contaminacion_alta_NO2,modis_WV,1000,978,22,0,0.978,1.902206542644581,1.1425807757554527,0.10000000149011612,0.10000000149011612,0.23992499560117722,0.9156249910593033,1.9392499923706055,2.7513749599456787,3.767299973964691,4.367254881858826,4.63100004196167,0.0,0.0,0.0
contaminacion_alta_SO2,lat,1000,1000,0,0,1.0,3.452471236270092,0.09237401904127888,3.3029256366508193,3.304090751574322,3.313974914645484,3.373892544096228,3.4526747945134733,3.5330964703242356,3.6036860853503145,3.614912331455951,3.6160783446947375,0.0,0.0,0.0
contaminacion_alta_SO2,lon,1000,1000,0,0,1.0,-76.44706905642703,0.0822228928425486,-76.64309223120812,-76.64040177693214,-76.59217122932706,-76.50261817865191,-76.44177977603404,-76.38291766704126,-76.32130671327904,-76.31026462180648,-76.30290023310717,0.0,1000.0,0.0
contaminacion_alta_SO2,ndvi,1000,1000,0,0,1.0,0.543357401452247,0.17587758970558462,0.04881556415596635,0.11809761144846377,0.2054272960868265,0.42480151920554343,0.5686493171103616,0.681446106858356,0.7820509443083006,0.8377434226071853,0.875384320889494,0.0,0.0,0.0
contaminacion_alta_SO2,ndbi,1000,1000,0,0,1.0,-0.1446587362410053,0.1381521306278783,-0.4321223894312153,-0.399621920009892,-0.34019452788217236,-0.2575093641941515,-0.15699728675957209,-0.04174871381653335,0.09795879207668663,0.1512952569438227,0.2737456019715445,0.0,825.0,0.0
contaminacion_alta_SO2,scl_pct,1000,1000,0,0,1.0,0.919189453125,0.15889587938644736,0.30126953125,0.3708251953125,0.5070068359375,0.9320068359375,1.0,1.0,1.0,1.0,1.0,0.0,0.0,184.0
contaminacion_alta_SO2,no2,1000,0,1000,0,0.0,,,,,,,,,,,,,,
contaminacion_alta_SO2,so2,1000,1000,0,0,1.0,0.000592164286179468,0.0002565750616463127,0.00038742730976082385,0.0003887699532788247,0.00039658826135564597,0.0004429499967955053,0.0005255985597614199,0.0006421502330340445,0.0009778484178241341,0.001497762460494414,0.0030928400810807943,0.0,0.0,61.0
contaminacion_alta_SO2,o3,1000,0,1000,0,0.0,,,,,,,,,,,,,,
contaminacion_alta_SO2,era5_T2m,1000,1000,0,0,1.0,298.19770593261717,2.0643304528875785,292.4900817871094,293.03369140625,295.2333618164063,296.5402297973633,297.82525634765625,300.0732421875,301.44024658203125,303.1817321777344,303.1817321777344,0.0,0.0,0.0
contaminacion_alta_SO2,era5_Td2m,1000,1000,0,0,1.0,292.5206961364746,1.4160163443931064,288.60308837890625,289.84194122314454,290.28070068359375,291.5775146484375,292.26446533203125,293.3852844238281,294.91485595703125,296.30487060546875,298.4338073730469,0.0,0.0,16.0
contaminacion_alta_SO2,era5_u10,1000,1000,0,0,1.0,0.1704984672218561,0.7460431886703914,-1.2956390380859375,-1.2956390380859375,-1.0965598821640015,-0.3716084957122803,0.10554122924804688,0.7495599985122681,1.4378815591335297,1.7634060382843018,1.9433778524398804,0.0,451.0,0.0
contaminacion_alta_SO2,era5_v10,1000,1000,0,0,1.0,-1.0010474984645843,0.4515400638897435,-1.7702184915542603,-1.7702184915542603,-1.698394775390625,-1.3098888397216797,-1.0476788878440857,-0.764687180519104,-0.09763351976871823,0.47677159309387207,0.47677159309387207,0.0,965.0,35.0
contaminacion_alta_SO2,era5_BLH,1000,1000,0,0,1.0,708.5801678466797,124.05778162644553,163.2509765625,366.82872192382814,482.998291015625,652.5313720703125,714.232666015625,781.08740234375,898.3365478515625,955.108105468749,1154.5648193359375,0.0,0.0,50.0
contaminacion_alta_SO2,era5_RH850,1000,1000,0,0,1.0,85.26461868286133,8.407860053620729,51.908485412597656,51.908485412597656,68.40288543701172,81.80860900878906,87.55961608886719,90.62032127380371,94.76419830322266,96.22848510742188,97.380859375,0.0,0.0,63.0
contaminacion_alta_SO2,era5_psurf,1000,1000,0,0,1.0,87784.1877109375,2005.38719249297,85093.546875,85148.7734375,85218.609375,85866.6875,89292.8984375,89505.9375,90578.1640625,90797.4296875,90980.296875,0.0,0.0,0.0
contaminacion_alta_SO2,era5_precip,1000,1000,0,0,1.0,0.0002055706325918436,0.0005823240733377158,-1.862645149230957e-09,-9.313225746154785e-10,0.0,0.0,1.1241063475608826e-05,0.00015713274478912354,0.0007469901815056794,0.0032958984375,0.0043496256694197655,264.0,48.0,103.0
contaminacion_alta_SO2,modis_AOD_047,1000,164,836,0,0.164,0.3549695126059261,0.13601425345438514,0.003000000026077032,0.015395000418648126,0.16345000118017197,0.26237501204013824,0.3409999907016754,0.45499999076128006,0.5777000039815903,0.6226400035619739,0.6690000295639038,0.0,0.0,0.0
contaminacion_alta_SO2,modis_AOD_055,1000,164,836,0,0.164,0.2572621955073484,0.09963510375588877,0.0020000000949949026,0.010559999798424542,0.1172999992966652,0.18862499669194221,0.24650000035762787,0.33025000989437103,0.4218499928712845,0.4546100035309794,0.48899999260902405,0.0,0.0,0.0
contaminacion_alta_SO2,modis_WV,1000,982,18,0,0.982,1.746443992218879,1.3013950465952342,0.10000000149011612,0.14240499943494797,0.16500000655651093,0.5542500168085098,1.4162499904632568,2.7986249923706055,4.031800055503845,4.710185160636901,5.328000068664551,0.0,0.0,0.0
ozono_anomalo,lat,1000,1000,0,0,1.0,3.457432451921225,0.09291742475184946,3.3029256366508193,3.3037341204065265,3.3150484014100066,3.3832799388152726,3.4553697403658306,3.5357240425302843,3.6043104144727773,3.61581064674007,3.645632917542256,0.0,0.0,0.0
ozono_anomalo,lon,1000,1000,0,0,1.0,-76.4617794183623,0.09506516810240824,-76.64327189426494,-76.6413890254294,-76.62189648207901,-76.54077412034543,-76.46104863887868,-76.38087399976986,-76.32050272109974,-76.31008585706495,-76.30299006463558,0.0,1000.0,0.0
ozono_anomalo,ndvi,1000,1000,0,0,1.0,0.5362923150506677,0.16646167772508122,0.025524079305174852,0.14088368876387122,0.2233449099161634,0.42921408508005837,0.5500012018349195,0.6623096011382349,0.7797992594799772,0.8407679053118727,0.860588847773159,0.0,0.0,2.0
ozono_anomalo,ndbi,1000,1000,0,0,1.0,-0.13320319266595737,0.12881230814718636,-0.4214070138240971,-0.37138276054298797,-0.3268153505085288,-0.23086896303442758,-0.14565801175754,-0.03848887366524531,0.08520236677236755,0.14568536270797386,0.21400305646447088,0.0,822.0,0.0
ozono_anomalo,scl_pct,1000,1000,0,0,1.0,0.887882080078125,0.18854454811056381,0.302734375,0.3227294921875,0.4218017578125,0.84295654296875,1.0,1.0,1.0,1.0,1.0,0.0,0.0,119.0
ozono_anomalo,no2,1000,0,1000,0,0.0,,,,,,,,,,,,,,
ozono_anomalo,so2,1000,0,1000,0,0.0,,,,,,,,,,,,,,
ozono_anomalo,o3,1000,1000,0,0,1.0,0.12666991544514894,0.0018836366844697289,0.1234719306230545,0.1235009702295065,0.1237872987985611,0.12502491660416126,0.12676763534545898,0.12808668985962868,0.1296437166631222,0.1305779941380024,0.1318046897649765,0.0,0.0,0.0
ozono_anomalo,era5_T2m,1000,1000,0,0,1.0,298.247900390625,2.006330314915463,292.23846435546875,293.99077697753904,295.28173828125,296.62152099609375,298.30950927734375,299.7931213378906,301.607666015625,301.96307373046875,303.1817321777344,0.0,0.0,0.0
ozono_anomalo,era5_Td2m,1000,1000,0,0,1.0,292.67828787231446,1.5271199618544489,289.95782470703125,290.01092529296875,290.55377197265625,291.6406555175781,292.36907958984375,293.54656982421875,295.5466003417969,296.30487060546875,297.0692138671875,0.0,0.0,7.0
ozono_anomalo,era5_u10,1000,1000,0,0,1.0,0.24976401317119598,0.8343010005392445,-1.2956390380859375,-1.2956390380859375,-1.0965598821640015,-0.4274749755859375,0.23269975185394287,0.8583351373672485,1.6727533340454102,1.9433778524398804,1.98199462890625,0.0,411.0,0.0
ozono_anomalo,era5_v10,1000,1000,0,0,1.0,-1.0563907401561736,0.45572375147327854,-1.7392536401748657,-1.7344653606414795,-1.6414794921875,-1.3498575687408447,-1.1170670986175537,-0.8420424461364746,-0.314556360244751,0.9764273166656494,0.9910156726837158,0.0,975.0,25.0
ozono_anomalo,era5_BLH,1000,1000,0,0,1.0,706.8452009277344,137.59278613407247,158.142578125,218.540771484375,482.998291015625,646.35791015625,723.4375,781.08740234375,878.5625,1056.2664794921875,1056.2664794921875,0.0,0.0,61.0
ozono_anomalo,era5_RH850,1000,1000,0,0,1.0,87.64798966217042,5.826958873252626,59.23899841308594,67.65549392700196,79.13459014892578,83.28368377685547,88.48992919921875,91.80657196044922,95.25951385498047,96.52626037597656,98.33665466308594,0.0,0.0,14.0
ozono_anomalo,era5_psurf,1000,1000,0,0,1.0,87855.334328125,2116.876506029032,85167.03125,85189.78125,85240.81171875,85882.609375,89355.78125,89557.09375,90775.40625,90865.28125,90980.296875,0.0,0.0,0.0
ozono_anomalo,era5_precip,1000,1000,0,0,1.0,0.00046280184108763936,0.000985670895925709,-9.313225746154785e-10,0.0,0.0,0.0,3.7670135498046875e-05,0.00024755578488111496,0.0032958984375,0.0037589017301797867,0.0043496256694197655,333.0,3.0,149.0
ozono_anomalo,modis_AOD_047,1000,144,856,0,0.144,0.25077777775004506,0.11294576468346311,0.0,0.022360000461339947,0.07965000160038471,0.17399999499320984,0.25450000166893005,0.3089999854564667,0.43700000643730164,0.5498300051689147,0.6549999713897705,2.0,0.0,4.0
ozono_anomalo,modis_AOD_055,1000,144,856,0,0.144,0.18101041626909542,0.08232429566269046,0.0,0.015910000205039975,0.05635000020265579,0.125,0.1834999993443489,0.22300000488758087,0.31700000166893005,0.4006899967789649,0.4779999852180481,2.0,0.0,4.0
ozono_anomalo,modis_WV,1000,976,24,0,0.976,1.3830963127299776,0.9408423531477942,0.10000000149011612,0.10000000149011612,0.2513750046491623,0.523250013589859,1.1962500214576721,2.0136250257492065,3.106499969959259,3.7463749051094055,4.359000205993652,0.0,0.0,2.0
vegetacion_densa,lat,1000,1000,0,0,1.0,3.4564057673830053,0.09782742511781058,3.303015468179231,3.3051615433929915,3.3153178959952423,3.359137715554572,3.4619274419399,3.5390253511994216,3.604135242992374,3.6141110342225167,3.618773290547095,0.0,0.0,0.0
vegetacion_densa,lon,1000,1000,0,0,1.0,-76.446228053658,0.09897358296789861,-76.64551768247527,-76.64183908138675,-76.62505855187915,-76.52552521839729,-76.42830504677205,-76.36052715858426,-76.31403035947757,-76.30603984502521,-76.30290023310717,0.0,1000.0,0.0
vegetacion_densa,ndvi,1000,1000,0,0,1.0,0.6902291171735329,0.061477520889085466,0.6001783385251649,0.6019882403987584,0.6089930941287557,0.6375891442307944,0.6818213085317967,0.7323524837116502,0.8034510048592474,0.8430741602221441,0.8814726768041957,0.0,0.0,1.0
vegetacion_densa,ndbi,1000,1000,0,0,1.0,-0.2510942767360529,0.07961038317986206,-0.47147280221245425,-0.4210076434082065,-0.3838672266126088,-0.3064151574552387,-0.25263613582071376,-0.1937677629203979,-0.12056324779869346,-0.07324778574533593,-0.021606807168401417,0.0,1000.0,2.0
vegetacion_densa,scl_pct,1000,1000,0,0,1.0,0.937310546875,0.13336583775490998,0.311279296875,0.4280810546875,0.6038696289062501,0.95880126953125,1.0,1.0,1.0,1.0,1.0,0.0,0.0,184.0
vegetacion_densa,no2,1000,0,1000,0,0.0,,,,,,,,,,,,,,
vegetacion_densa,so2,1000,0,1000,0,0.0,,,,,,,,,,,,,,
vegetacion_densa,o3,1000,0,1000,0,0.0,,,,,,,,,,,,,,
vegetacion_densa,era5_T2m,1000,1000,0,0,1.0,297.7918234558106,2.128070716075242,291.964599609375,292.4900817871094,294.3885787963867,296.4365463256836,297.7310791015625,299.1938705444336,301.193603515625,303.1817321777344,303.1817321777344,0.0,0.0,9.0
vegetacion_densa,era5_Td2m,1000,1000,0,0,1.0,292.6902910461426,1.5643069935354053,288.56011962890625,288.60308837890625,290.28070068359375,291.614501953125,292.5496826171875,293.85308837890625,295.2743835449219,296.59161376953125,297.239013671875,0.0,0.0,3.0
vegetacion_densa,era5_u10,1000,1000,0,0,1.0,0.30697474601864816,0.7687266063897421,-1.2956390380859375,-1.2521114349365234,-0.8959197998046875,-0.2779983952641487,0.33332741260528564,0.8629174381494522,1.5960693359375,1.839728643894195,2.041963815689087,0.0,355.0,0.0
vegetacion_densa,era5_v10,1000,1000,0,0,1.0,-0.9135759914517403,0.4614282069832827,-1.7702184915542603,-1.7344653606414795,-1.5715314149856567,-1.2166489362716675,-0.9829144477844238,-0.69293212890625,-0.10129320621490479,0.47677159309387207,0.8598976135253906,0.0,966.0,34.0
vegetacion_densa,era5_BLH,1000,1000,0,0,1.0,710.5116866149903,130.16100673032338,273.70068359375,354.5716857910156,484.082275390625,641.394287109375,716.216552734375,781.618896484375,932.5525573730464,1056.2664794921875,1154.5648193359375,0.0,0.0,57.0
vegetacion_densa,era5_RH850,1000,1000,0,0,1.0,86.3861876449585,7.562828055593807,51.908485412597656,51.908485412597656,71.94320678710938,82.47904968261719,88.39163970947266,90.88060760498047,94.76419830322266,96.52626037597656,97.80514526367188,0.0,0.0,40.0
vegetacion_densa,era5_psurf,1000,1000,0,0,1.0,87836.5157265625,2053.7423927606387,85093.546875,85157.5078125,85229.046875,85877.564453125,89292.8984375,89510.40625,90703.061328125,90871.795390625,90980.296875,0.0,0.0,0.0
vegetacion_densa,era5_precip,1000,1000,0,0,1.0,0.00020240335445851086,0.0005116280006346705,-1.862645149230957e-09,-9.313225746154785e-10,0.0,0.0,3.0405819416046143e-05,0.0001810174435377121,0.0009151846170425415,0.0032958984375,0.0043496256694197655,280.0,32.0,111.0
vegetacion_densa,modis_AOD_047,1000,154,846,0,0.154,0.3135259729302065,0.13029308523027128,0.0,0.06853999895043672,0.1499499961733818,0.20549999922513962,0.2915000021457672,0.42100000381469727,0.5401000022888183,0.5901699960231781,0.6110000014305115,1.0,0.0,0.0
vegetacion_densa,modis_AOD_055,1000,154,846,0,0.154,0.22685389660673771,0.095293377074425,0.0,0.049050000910647214,0.10730000138282776,0.1482500024139881,0.20999999344348907,0.3057499974966049,0.39240000545978543,0.4307599937915802,0.44600000977516174,1.0,0.0,0.0
vegetacion_densa,modis_WV,1000,988,12,0,0.988,1.9424119420907637,1.2146369881430998,0.10000000149011612,0.14524000376462937,0.2526749953627586,0.8834999799728394,1.8417499661445618,2.840250074863434,4.008474946022034,4.462649908065796,4.894999980926514,0.0,0.0,0.0
suelo_urbano,lat,1000,1000,0,0,1.0,3.4557316715938025,0.04620767516318621,3.369041641561985,3.3754663924740047,3.411073813705918,3.4224914009670715,3.451282405823089,3.4641058565038887,3.579876238744738,3.58544669182156,3.5879610763018097,0.0,0.0,89.0
suelo_urbano,lon,1000,1000,0,0,1.0,-76.50751848852686,0.022402793805426226,-76.55847093144284,-76.55667969076629,-76.54796962577133,-76.52321205654064,-76.50600931884951,-76.4937922309853,-76.46854507992477,-76.46360793912318,-76.46073422852923,0.0,1000.0,0.0
suelo_urbano,ndvi,1000,1000,0,0,1.0,0.18091952322128657,0.06526289360256492,-0.0033924202424536385,0.02537827401242352,0.07446561479358345,0.1334383396731899,0.17685551943164182,0.23559415023308347,0.28466469140417877,0.295889759835015,0.29960549079938037,0.0,1.0,0.0
suelo_urbano,ndbi,1000,1000,0,0,1.0,0.09252990273027742,0.053489610621683066,-0.10285386305862523,-0.04971744094356821,-0.0015997195926962162,0.058925133389404846,0.09656695049996504,0.13417763252372378,0.16923709779360852,0.1859917353853432,0.1967571334000797,0.0,54.0,7.0
suelo_urbano,scl_pct,1000,1000,0,0,1.0,0.89803076171875,0.17246885883184787,0.30517578125,0.3251953125,0.48060302734375,0.88037109375,0.9931640625,1.0,1.0,1.0,1.0,0.0,0.0,148.0
suelo_urbano,no2,1000,0,1000,0,0.0,,,,,,,,,,,,,,
suelo_urbano,so2,1000,0,1000,0,0.0,,,,,,,,,,,,,,
suelo_urbano,o3,1000,0,1000,0,0.0,,,,,,,,,,,,,,
suelo_urbano,era5_T2m,1000,1000,0,0,1.0,297.14373330688477,1.9668485957080104,291.964599609375,292.1756286621094,294.6410827636719,295.7847366333008,296.8431396484375,298.2544250488281,300.88824462890625,301.96307373046875,303.1817321777344,0.0,0.0,20.0
suelo_urbano,era5_Td2m,1000,1000,0,0,1.0,292.06323681640623,1.3948363498362604,288.56011962890625,288.9241943359375,289.68402099609375,291.20904541015625,292.00958251953125,292.8184051513672,294.4569396972656,294.7645568847656,296.30487060546875,0.0,0.0,12.0
suelo_urbano,era5_u10,1000,1000,0,0,1.0,0.48983162675797937,0.721803336149962,-1.2956390380859375,-1.2521114349365234,-0.8328340411186217,0.0047607421875,0.591105580329895,1.07863450050354,1.483206868171692,1.7413902282714844,1.7413902282714844,0.0,249.0,0.0
suelo_urbano,era5_v10,1000,1000,0,0,1.0,-0.7307752293050289,0.4794517276059504,-1.7702184915542603,-1.6987554812431336,-1.5293959975242615,-1.0304807424545288,-0.7903537154197693,-0.4176366627216339,-0.012014597654342651,0.8598976135253906,0.8598976135253906,0.0,961.0,22.0
suelo_urbano,era5_BLH,1000,1000,0,0,1.0,724.3890287475585,147.1985744907224,273.70068359375,273.70068359375,521.989013671875,638.5959167480469,722.8216552734375,796.624267578125,978.3900146484375,1116.6490478515625,1154.5648193359375,0.0,0.0,65.0
suelo_urbano,era5_RH850,1000,1000,0,0,1.0,88.85218881988526,5.999485990569098,51.908485412597656,68.40288543701172,78.79818725585938,86.5076904296875,90.29994201660156,93.035888671875,95.3516845703125,96.23123168945312,96.82610321044922,0.0,0.0,39.0
suelo_urbano,era5_psurf,1000,1000,0,0,1.0,86581.3170078125,1865.2558274892342,85093.546875,85139.84484375,85167.8671875,85298.205078125,85386.8984375,89358.234375,89570.761328125,89725.8203125,89783.1171875,0.0,0.0,0.0
suelo_urbano,era5_precip,1000,1000,0,0,1.0,0.0002445433642715216,0.0004428967322378284,-1.862645149230957e-09,-9.313225746154785e-10,0.0,9.96515154838562e-07,9.511783719062805e-05,0.0002732276916503906,0.0009151846170425415,0.0019998550415039062,0.0032958984375,161.0,34.0,97.0
suelo_urbano,modis_AOD_047,1000,122,878,0,0.122,0.3431352448084804,0.11727764118277534,0.04899999871850014,0.14020000651478767,0.1679999977350235,0.23999999463558197,0.341499999165535,0.43574999272823334,0.5406500071287155,0.5743799930810927,0.734000027179718,0.0,0.0,1.0
suelo_urbano,modis_AOD_055,1000,122,878,0,0.122,0.24847677688984598,0.08588345080624094,0.03500000014901161,0.10093999870121478,0.12099999934434891,0.17299999296665192,0.24699999392032623,0.3160000145435333,0.39275000691413875,0.4196400073170661,0.5360000133514404,0.0,0.0,1.0
suelo_urbano,modis_WV,1000,973,27,0,0.973,1.9613186036526606,1.0736164693668542,0.10000000149011612,0.10000000149011612,0.243000003695488,1.0214999914169312,2.049499988555908,2.756500005722046,3.5491000175476075,4.152140007019043,4.609000205993652,0.0,0.0,0.0
