clase,banda,n,n_finite,n_nan,n_inf,pct_finite,mean,std,min,p01,p05,p25,median,p75,p95,p99,max,n_zero,n_negative,n_outlier_iqr
contaminacion_alta_NO2,B1,4096000,4096000,0,0,1.0,954.9708862304688,771.51318359375,0.0,228.0,320.0,514.0,795.0,1180.0,1915.0,4373.0,12203.0,1088,0,154690
contaminacion_alta_NO2,B2,4096000,4096000,0,0,1.0,1020.2476196289062,865.8849487304688,0.0,216.0,331.0,525.0,782.0,1204.0,2484.0,4740.0,22424.0,1278,0,260887
contaminacion_alta_NO2,B3,4096000,4096000,0,0,1.0,1190.1636962890625,823.3497314453125,0.0,382.0,522.0,733.0,968.0,1352.0,2602.0,4760.0,20872.0,1098,0,277646
contaminacion_alta_NO2,B4,4096000,4096000,0,0,1.0,1171.095947265625,883.5154418945312,0.0,230.0,339.0,583.0,968.0,1480.0,2678.0,4760.0,19336.0,1136,0,178868
contaminacion_alta_NO2,B5,4096000,4096000,0,0,1.0,1517.220703125,794.775634765625,0.0,524.0,774.0,1057.0,1345.0,1743.0,2766.0,4888.0,17029.0,1098,0,204503
contaminacion_alta_NO2,B6,4096000,4096000,0,0,1.0,2250.648193359375,734.3298950195312,0.0,737.0,1349.0,1837.0,2185.0,2547.0,3281.0,5019.0099999997765,16693.0,1106,0,180021
contaminacion_alta_NO2,B7,4096000,4096000,0,0,1.0,2560.587646484375,837.3657836914062,0.0,812.0,1475.0,2013.0,2464.0,2992.0,3957.0,5124.0,16348.0,1104,0,103710
contaminacion_alta_NO2,B8,4096000,4096000,0,0,1.0,2511.34228515625,868.91455078125,0.0,696.0,1348.0,1920.0,2428.0,2990.0,3952.0,5048.0,17736.0,1100,0,76092
contaminacion_alta_NO2,B8A,4096000,4096000,0,0,1.0,2740.672119140625,884.366943359375,0.0,789.0,1560.0,2144.0,2651.0,3239.0,4217.0,5257.0,13643.0,1110,0,81992
contaminacion_alta_NO2,B9,4096000,4096000,0,0,1.0,2718.3935546875,965.5831909179688,0.0,836.0,1672.0,2150.0,2581.0,3124.0,4089.0,6193.0,15697.0,1088,0,129565
contaminacion_alta_NO2,B11,4096000,4096000,0,0,1.0,2346.73291015625,803.384033203125,0.0,510.0,1325.0,1837.0,2280.0,2756.0,3601.0,5084.0,15004.0,1088,0,131064
contaminacion_alta_NO2,B12,4096000,4096000,0,0,1.0,1809.9107666015625,948.2865600585938,0.0,316.0,626.0,1078.0,1664.0,2412.0,3347.0,4746.0,15461.0,1088,0,56661
contaminacion_alta_NO2,SCL,4096000,4096000,0,0,1.0,4.713119983673096,1.0679196119308472,0.0,3.0,4.0,4.0,5.0,5.0,7.0,9.0,10.0,1088,0,259021
contaminacion_alta_SO2,B1,4096000,4096000,0,0,1.0,688.404296875,709.9532470703125,0.0,164.0,233.0,350.0,488.0,751.0,1643.0,4045.0,11886.0,5060,0,327412
contaminacion_alta_SO2,B2,4096000,4096000,0,0,1.0,755.5845947265625,757.3052368164062,0.0,179.0,257.0,392.0,538.0,817.0,1926.0,4340.0,19880.0,5928,0,344644
contaminacion_alta_SO2,B3,4096000,4096000,0,0,1.0,952.5592041015625,711.6459350585938,0.0,302.0,445.0,617.0,759.0,1020.0,2046.0,4316.0,18496.0,4175,0,336382
contaminacion_alta_SO2,B4,4096000,4096000,0,0,1.0,863.8935546875,766.2096557617188,0.0,176.0,256.0,418.0,623.0,1060.0,2106.0,4224.0,17656.0,4555,0,227315
contaminacion_alta_SO2,B5,4096000,4096000,0,0,1.0,1265.268310546875,717.0266723632812,0.0,396.0,667.0,881.0,1086.0,1424.0,2354.0,4468.0,17150.0,4160,0,244960
contaminacion_alta_SO2,B6,4096000,4096000,0,0,1.0,2377.547607421875,717.2744750976562,0.0,704.0,1323.0,2006.0,2365.0,2696.0,3326.0,4940.0,16751.0,4160,0,202966
contaminacion_alta_SO2,B7,4096000,4096000,0,0,1.0,2858.61962890625,877.6614379882812,0.0,809.0,1495.0,2302.0,2850.0,3367.0,4220.0,5319.0,16522.0,4160,0,87370
contaminacion_alta_SO2,B8,4096000,4096000,0,0,1.0,2823.66650390625,894.3094482421875,0.0,706.0,1398.0,2252.0,2832.0,3364.0,4196.0,5220.0,17144.0,4160,0,76389
contaminacion_alta_SO2,B8A,4096000,4096000,0,0,1.0,3085.6416015625,927.512451171875,0.0,811.0,1600.0,2497.0,3102.0,3650.0,4511.0,5502.0,16247.0,4160,0,82758
contaminacion_alta_SO2,B9,4096000,4096000,0,0,1.0,3058.03955078125,983.4725341796875,0.0,796.0,1673.0,2487.0,3053.0,3544.0,4381.0,6239.0099999997765,16498.0,4160,0,132470
contaminacion_alta_SO2,B11,4096000,4096000,0,0,1.0,2105.998046875,786.4848022460938,0.0,465.0,1216.0,1593.0,1961.0,2491.0,3488.0,4751.0,15274.0,4160,0,131024
contaminacion_alta_SO2,B12,4096000,4096000,0,0,1.0,1400.509521484375,842.0848999023438,0.0,260.0,541.0,781.0,1152.0,1828.0,2983.0,4107.0,15329.0,4160,0,94903
contaminacion_alta_SO2,SCL,4096000,4096000,0,0,1.0,4.460183620452881,1.1019489765167236,0.0,3.0,4.0,4.0,4.0,5.0,7.0,9.0,10.0,4160,0,269201
ozono_anomalo,B1,4096000,4096000,0,0,1.0,736.910888671875,762.1471557617188,0.0,174.0,246.0,372.0,522.0,811.0,1832.0,4278.0,13401.0,4102,0,315238
ozono_anomalo,B2,4096000,4096000,0,0,1.0,794.3246459960938,801.3533935546875,0.0,168.0,252.0,414.0,574.0,866.0,2030.0,4540.0,20680.0,4369,0,337709
ozono_anomalo,B3,4096000,4096000,0,0,1.0,988.2417602539062,739.8241577148438,0.0,308.0,446.0,642.0,796.0,1064.0,2108.0,4448.0,19272.0,4138,0,334248
ozono_anomalo,B4,4096000,4096000,0,0,1.0,905.4761962890625,789.17822265625,0.0,178.0,259.0,449.0,677.0,1104.0,2152.0,4352.0,18392.0,4558,0,221746
ozono_anomalo,B5,4096000,4096000,0,0,1.0,1327.500244140625,738.8523559570312,0.0,401.0,703.0,936.0,1157.0,1486.0,2427.0,4598.0,16575.0,4102,0,243395
ozono_anomalo,B6,4096000,4096000,0,0,1.0,2426.37060546875,727.9169921875,0.0,731.0,1405.0,2052.0,2398.0,2745.0,3408.0,5024.0,16229.0,4101,0,203011
ozono_anomalo,B7,4096000,4096000,0,0,1.0,2884.576904296875,863.2994995117188,0.0,855.0,1579.0,2356.0,2861.0,3370.0,4228.0,5294.0,16051.0,4089,0,101722
ozono_anomalo,B8,4096000,4096000,0,0,1.0,2866.950927734375,885.6104736328125,0.0,762.0,1502.0,2320.0,2856.0,3384.0,4232.0,5244.0,17288.0,4089,0,91490
ozono_anomalo,B8A,4096000,4096000,0,0,1.0,3128.7158203125,911.7615356445312,0.0,866.0,1705.0,2569.0,3129.0,3666.0,4543.0,5494.0,16785.0,4105,0,98311
ozono_anomalo,B9,4096000,4096000,0,0,1.0,3137.329833984375,1057.031005859375,0.0,852.0,1761.0,2564.0,3086.0,3572.0,4544.0,7110.0,16970.0,4109,0,182121
ozono_anomalo,B11,4096000,4096000,0,0,1.0,2195.37744140625,802.195556640625,0.0,480.0,1268.0,1678.0,2060.0,2584.0,3571.0,4855.0,15457.0,4089,0,135116
ozono_anomalo,B12,4096000,4096000,0,0,1.0,1458.983154296875,853.3681030273438,0.0,277.0,583.0,846.0,1228.0,1859.0,3048.0,4255.0,15371.0,4089,0,118067
ozono_anomalo,SCL,4096000,4096000,0,0,1.0,4.541090965270996,1.2599472999572754,0.0,3.0,4.0,4.0,4.0,5.0,8.0,9.0,10.0,4089,0,352741
vegetacion_densa,B1,4096000,4096000,0,0,1.0,460.8804931640625,361.8702697753906,0.0,131.0,204.0,318.0,400.0,509.0,815.0,1886.0,9676.0,13703,0,234222
vegetacion_densa,B2,4096000,4096000,0,0,1.0,505.11151123046875,398.7071838378906,0.0,132.98999999999796,223.0,349.0,437.0,552.0,902.0,2144.0,20520.0,14243,0,252663
vegetacion_densa,B3,4096000,4096000,0,0,1.0,724.0850219726562,381.07958984375,0.0,207.0,397.0,571.0,669.0,792.0,1130.0,2232.0,20072.0,13605,0,262629
vegetacion_densa,B4,4096000,4096000,0,0,1.0,554.4134521484375,415.13360595703125,0.0,111.0,218.0,347.0,458.0,634.0,1160.0,2142.0,18792.0,13791,0,258912
vegetacion_densa,B5,4096000,4096000,0,0,1.0,1028.41845703125,417.1017150878906,0.0,241.0,601.0,827.0,969.0,1157.0,1584.0,2496.0,15336.0,12651,0,240974
vegetacion_densa,B6,4096000,4096000,0,0,1.0,2488.120849609375,603.6026611328125,0.0,617.0,1423.0,2216.0,2516.0,2816.0,3314.0,3960.0,12206.0,12818,0,245946
vegetacion_densa,B7,4096000,4096000,0,0,1.0,3084.10107421875,791.1884765625,0.0,769.0,1674.0,2664.0,3115.0,3570.0,4288.0,4814.0,10672.0,12690,0,157829
vegetacion_densa,B8,4096000,4096000,0,0,1.0,3051.494384765625,811.3324584960938,0.0,694.0,1580.0,2618.0,3094.0,3560.0,4272.0,4788.0,16840.0,12581,0,152523
vegetacion_densa,B8A,4096000,4096000,0,0,1.0,3348.616943359375,846.6383056640625,0.0,787.0,1808.0,2913.0,3397.0,3875.0,4612.0,5140.0,11081.0,12510,0,168084
vegetacion_densa,B9,4096000,4096000,0,0,1.0,3276.13818359375,792.9463500976562,0.0,720.0,1875.0,2908.0,3323.0,3733.0,4393.0,4928.0,15637.0,12590,0,201186
vegetacion_densa,B11,4096000,4096000,0,0,1.0,1823.9808349609375,583.7404174804688,0.0,322.0,1001.0,1503.0,1747.0,2104.0,2799.0,3596.0,11221.0,12374,0,246881
vegetacion_densa,B12,4096000,4096000,0,0,1.0,997.6743774414062,505.1784973144531,0.0,163.0,466.0,681.0,875.0,1194.0,1925.0,2802.0,15253.0,12374,0,188886
vegetacion_densa,SCL,4096000,4096000,0,0,1.0,4.104621410369873,0.761170506477356,0.0,3.0,4.0,4.0,4.0,4.0,5.0,8.0,10.0,12374,0,493052
suelo_urbano,B1,4096000,4096000,0,0,1.0,1363.7646484375,886.6856689453125,15.0,455.0,660.0,984.0,1204.0,1440.0,2515.0,5834.0,13070.0,0,0,289134
suelo_urbano,B2,4096000,4096000,0,0,1.0,1433.624267578125,1025.6278076171875,0.0,326.0,519.0,881.0,1186.0,1612.0,3240.0,5996.0,20320.0,203,0,307924
suelo_urbano,B3,4096000,4096000,0,0,1.0,1551.4774169921875,985.1040649414062,0.0,467.0,670.0,1016.0,1306.0,1722.0,3352.0,5836.0,19624.0,10,0,318836
suelo_urbano,B4,4096000,4096000,0,0,1.0,1601.02001953125,989.6821899414062,0.0,352.0,558.0,1048.0,1404.0,1834.0,3400.0,5728.0,18376.0,5,0,278207
suelo_urbano,B5,4096000,4096000,0,0,1.0,1832.483642578125,922.7191162109375,0.0,549.0,934.0,1348.0,1650.0,2028.0,3378.0,5936.0,17889.0,4,0,272282
suelo_urbano,B6,4096000,4096000,0,0,1.0,2123.366455078125,867.656494140625,0.0,627.0,1228.0,1682.0,1957.0,2337.0,3538.0,5899.0,17538.0,4,0,304188
suelo_urbano,B7,4096000,4096000,0,0,1.0,2272.972412109375,872.61669921875,85.0,665.0,1321.0,1811.0,2108.0,2530.0,3714.0,5917.0,17283.0,0,0,280230
suelo_urbano,B8,4096000,4096000,0,0,1.0,2201.619384765625,903.4214477539062,116.0,575.0,1198.0,1694.0,2020.0,2504.0,3740.0,5796.0,17112.0,0,0,232763
suelo_urbano,B8A,4096000,4096000,0,0,1.0,2390.2802734375,879.568603515625,0.0,637.0,1390.0,1925.0,2236.0,2672.0,3846.0,5945.0,16906.0,6,0,284898
suelo_urbano,B9,4096000,4096000,0,0,1.0,2378.78955078125,1032.8343505859375,169.0,619.0,1506.0,1971.0,2194.0,2509.0,3655.0,7348.0,16276.0,0,0,401050
suelo_urbano,B11,4096000,4096000,0,0,1.0,2621.3095703125,861.864013671875,98.0,537.0,1445.0,2167.0,2584.0,2973.0,3930.0,5754.0,15523.0,0,0,266817
suelo_urbano,B12,4096000,4096000,0,0,1.0,2403.822509765625,945.1851196289062,0.0,445.0,1028.0,1830.0,2379.0,2866.0,3873.0,5436.0,15451.0,4,0,120305
suelo_urbano,SCL,4096000,4096000,0,0,1.0,5.1180100440979,1.1206204891204834,2.0,3.0,4.0,5.0,5.0,5.0,8.0,9.0,10.0,0,0,829025
